/*M!999999\- enable the sandbox mode */ 
-- MariaDB dump 10.19  Distrib 10.11.13-MariaDB, for debian-linux-gnu (x86_64)
--
-- Host: localhost    Database: bancodepreguntasrh
-- ------------------------------------------------------
-- Server version	10.11.13-MariaDB-0ubuntu0.24.04.1

/*!40101 SET @OLD_CHARACTER_SET_CLIENT=@@CHARACTER_SET_CLIENT */;
/*!40101 SET @OLD_CHARACTER_SET_RESULTS=@@CHARACTER_SET_RESULTS */;
/*!40101 SET @OLD_COLLATION_CONNECTION=@@COLLATION_CONNECTION */;
/*!40101 SET NAMES utf8mb4 */;
/*!40103 SET @OLD_TIME_ZONE=@@TIME_ZONE */;
/*!40103 SET TIME_ZONE='+00:00' */;
/*!40014 SET @OLD_UNIQUE_CHECKS=@@UNIQUE_CHECKS, UNIQUE_CHECKS=0 */;
/*!40014 SET @OLD_FOREIGN_KEY_CHECKS=@@FOREIGN_KEY_CHECKS, FOREIGN_KEY_CHECKS=0 */;
/*!40101 SET @OLD_SQL_MODE=@@SQL_MODE, SQL_MODE='NO_AUTO_VALUE_ON_ZERO' */;
/*!40111 SET @OLD_SQL_NOTES=@@SQL_NOTES, SQL_NOTES=0 */;

--
-- Table structure for table `Preguntas_curso`
--

DROP TABLE IF EXISTS `Preguntas_curso`;
/*!40101 SET @saved_cs_client     = @@character_set_client */;
/*!40101 SET character_set_client = utf8mb4 */;
CREATE TABLE `Preguntas_curso` (
  `id` bigint(20) NOT NULL AUTO_INCREMENT,
  `nombre` varchar(100) NOT NULL,
  PRIMARY KEY (`id`),
  UNIQUE KEY `Preguntas_curso_nombre_7a5ff352_uniq` (`nombre`)
) ENGINE=InnoDB AUTO_INCREMENT=18 DEFAULT CHARSET=utf8mb4 COLLATE=utf8mb4_general_ci;
/*!40101 SET character_set_client = @saved_cs_client */;

--
-- Dumping data for table `Preguntas_curso`
--

LOCK TABLES `Preguntas_curso` WRITE;
/*!40000 ALTER TABLE `Preguntas_curso` DISABLE KEYS */;
INSERT INTO `Preguntas_curso` VALUES
(5,'ALGEBRA'),
(4,'ARITMÉTICA'),
(2,'BIOLOGÍA'),
(17,'ECOLOGÍA'),
(15,'ECONOMÍA'),
(12,'FILOSOFIA'),
(1,'FÍSICA'),
(16,'GEOGRAFÍA'),
(9,'GEOMETRÍA'),
(14,'HISTORIA'),
(11,'LENGUAJE'),
(3,'LITERATURA'),
(13,'PSICOLOGIA'),
(6,'QUÍMICA'),
(7,'RAZ. MATEMÁTICO'),
(8,'RAZ. VERBAL'),
(10,'TRIGONOMETRÍA');
/*!40000 ALTER TABLE `Preguntas_curso` ENABLE KEYS */;
UNLOCK TABLES;

--
-- Table structure for table `Preguntas_examen`
--

DROP TABLE IF EXISTS `Preguntas_examen`;
/*!40101 SET @saved_cs_client     = @@character_set_client */;
/*!40101 SET character_set_client = utf8mb4 */;
CREATE TABLE `Preguntas_examen` (
  `id` bigint(20) NOT NULL AUTO_INCREMENT,
  `nombre` varchar(200) NOT NULL,
  `fecha_creacion` datetime(6) NOT NULL,
  `usuario_id` bigint(20) DEFAULT NULL,
  PRIMARY KEY (`id`),
  KEY `Preguntas_examen_usuario_id_b021b857_fk_Preguntas_userprofile_id` (`usuario_id`),
  CONSTRAINT `Preguntas_examen_usuario_id_b021b857_fk_Preguntas_userprofile_id` FOREIGN KEY (`usuario_id`) REFERENCES `Preguntas_userprofile` (`id`)
) ENGINE=InnoDB AUTO_INCREMENT=29 DEFAULT CHARSET=utf8mb4 COLLATE=utf8mb4_general_ci;
/*!40101 SET character_set_client = @saved_cs_client */;

--
-- Dumping data for table `Preguntas_examen`
--

LOCK TABLES `Preguntas_examen` WRITE;
/*!40000 ALTER TABLE `Preguntas_examen` DISABLE KEYS */;
INSERT INTO `Preguntas_examen` VALUES
(1,'Examen_20250526_115547','2025-05-26 16:55:47.532260',1),
(2,'Examen_20250526_120218','2025-05-26 17:02:18.695919',1),
(3,'Examen_20250526_161233','2025-05-26 21:12:33.936024',1),
(4,'Examen_20250526_184437','2025-05-26 23:44:37.590763',1),
(5,'Examen_20250526_191329','2025-05-27 00:13:29.480349',1),
(6,'Examen_20250526_224355','2025-05-27 03:43:55.736695',1),
(7,'Examen_20250527_065327','2025-05-27 11:53:27.880330',1),
(8,'Examen_20250528_073601','2025-05-28 12:36:01.318591',1),
(9,'Examen_20250530_211443','2025-05-31 02:14:43.109117',1),
(10,'Examen_20250603_091255','2025-06-03 14:12:55.139506',1),
(11,'Examen_20250605_174104','2025-06-05 22:41:04.620236',1),
(12,'Examen_20250618_173638','2025-06-18 22:36:38.870082',1),
(13,'Examen_20250620_071921','2025-06-20 12:19:21.544242',1),
(14,'Examen_20250620_184026','2025-06-20 23:40:26.517504',1),
(15,'Examen_20250703_172130','2025-07-03 22:21:30.604554',1),
(16,'Examen_20250703_172403','2025-07-03 22:24:03.547552',1),
(17,'Examen_20250716_200526','2025-07-17 01:05:26.675193',1),
(18,'Examen_20250716_200615','2025-07-17 01:06:15.164639',1),
(19,'Examen_20250806_092440','2025-08-06 14:24:40.380035',1),
(20,'Examen_20250806_121629','2025-08-06 17:16:29.939175',1),
(21,'Examen_20250818_183542','2025-08-18 23:35:42.047629',1),
(22,'Examen_20251003_164222','2025-10-03 21:42:22.224918',1),
(23,'Examen_20251003_170057','2025-10-03 22:00:57.155209',1),
(24,'Examen_20251003_171157','2025-10-03 22:11:57.872409',1),
(25,'Examen_20251003_173157','2025-10-03 22:31:57.718265',1),
(26,'Examen_20251024_181926','2025-10-24 23:19:26.890841',1),
(27,'Examen_20251222_102944','2025-12-22 15:29:44.174987',1),
(28,'Examen_20251222_102946','2025-12-22 15:29:46.482128',1);
/*!40000 ALTER TABLE `Preguntas_examen` ENABLE KEYS */;
UNLOCK TABLES;

--
-- Table structure for table `Preguntas_examenpregunta`
--

DROP TABLE IF EXISTS `Preguntas_examenpregunta`;
/*!40101 SET @saved_cs_client     = @@character_set_client */;
/*!40101 SET character_set_client = utf8mb4 */;
CREATE TABLE `Preguntas_examenpregunta` (
  `id` bigint(20) NOT NULL AUTO_INCREMENT,
  `examen_id` bigint(20) NOT NULL,
  `pregunta_id` bigint(20) NOT NULL,
  PRIMARY KEY (`id`),
  UNIQUE KEY `Preguntas_examenpregunta_examen_id_pregunta_id_2f686f34_uniq` (`examen_id`,`pregunta_id`),
  KEY `Preguntas_examenpreg_pregunta_id_5059ae72_fk_Preguntas` (`pregunta_id`),
  CONSTRAINT `Preguntas_examenpreg_examen_id_56a38516_fk_Preguntas` FOREIGN KEY (`examen_id`) REFERENCES `Preguntas_examen` (`id`),
  CONSTRAINT `Preguntas_examenpreg_pregunta_id_5059ae72_fk_Preguntas` FOREIGN KEY (`pregunta_id`) REFERENCES `Preguntas_pregunta` (`id`)
) ENGINE=InnoDB AUTO_INCREMENT=538 DEFAULT CHARSET=utf8mb4 COLLATE=utf8mb4_general_ci;
/*!40101 SET character_set_client = @saved_cs_client */;

--
-- Dumping data for table `Preguntas_examenpregunta`
--

LOCK TABLES `Preguntas_examenpregunta` WRITE;
/*!40000 ALTER TABLE `Preguntas_examenpregunta` DISABLE KEYS */;
INSERT INTO `Preguntas_examenpregunta` VALUES
(445,22,2501),
(446,22,2502),
(447,22,2503),
(448,22,2686),
(449,22,2687),
(450,22,2688),
(451,22,2689),
(452,22,2795),
(453,22,2796),
(454,22,2797),
(456,23,2790),
(457,23,2791),
(458,23,2792),
(459,23,2793),
(460,23,2794),
(461,24,467),
(462,24,468),
(463,24,469),
(464,24,470),
(465,24,617),
(466,24,618),
(467,24,654),
(468,24,655),
(469,24,775),
(470,24,776),
(471,24,777),
(472,24,2483),
(473,24,2484),
(474,24,2485),
(475,24,2486),
(476,24,2487),
(477,25,545),
(478,26,2778),
(479,26,2779),
(480,26,2780),
(481,26,2781),
(482,26,2782),
(483,26,2783),
(484,26,2784),
(485,26,2785),
(486,26,2786),
(487,26,2787),
(488,26,2788),
(489,26,2789),
(490,26,2790),
(491,26,2791),
(492,26,2792),
(493,26,2793),
(494,26,2794),
(495,26,2795),
(496,26,2796),
(497,26,2797),
(498,27,2778),
(499,27,2779),
(500,27,2780),
(501,27,2781),
(502,27,2782),
(503,27,2783),
(504,27,2784),
(505,27,2785),
(506,27,2786),
(507,27,2787),
(508,27,2788),
(509,27,2789),
(510,27,2790),
(511,27,2791),
(512,27,2792),
(513,27,2793),
(514,27,2794),
(515,27,2795),
(516,27,2796),
(517,27,2797),
(518,28,2778),
(519,28,2779),
(520,28,2780),
(521,28,2781),
(522,28,2782),
(523,28,2783),
(524,28,2784),
(525,28,2785),
(526,28,2786),
(527,28,2787),
(528,28,2788),
(529,28,2789),
(530,28,2790),
(531,28,2791),
(532,28,2792),
(533,28,2793),
(534,28,2794),
(535,28,2795),
(536,28,2796),
(537,28,2797);
/*!40000 ALTER TABLE `Preguntas_examenpregunta` ENABLE KEYS */;
UNLOCK TABLES;

--
-- Table structure for table `Preguntas_pregunta`
--

DROP TABLE IF EXISTS `Preguntas_pregunta`;
/*!40101 SET @saved_cs_client     = @@character_set_client */;
/*!40101 SET character_set_client = utf8mb4 */;
CREATE TABLE `Preguntas_pregunta` (
  `id` bigint(20) NOT NULL AUTO_INCREMENT,
  `nivel` smallint(5) unsigned NOT NULL,
  `nombre` varchar(300) NOT NULL,
  `contenido` varchar(100) NOT NULL,
  `curso_id` bigint(20) DEFAULT NULL,
  `tema_id` bigint(20) DEFAULT NULL,
  `universidad_id` bigint(20) DEFAULT NULL,
  `fecha_creacion` datetime(6) NOT NULL,
  `usuario_id` bigint(20) DEFAULT NULL,
  `respuesta` varchar(1) NOT NULL,
  `tiene_solucion` tinyint(1) NOT NULL,
  PRIMARY KEY (`id`),
  KEY `Preguntas_pregunta_usuario_id_b973280b_fk_Preguntas` (`usuario_id`),
  KEY `Preguntas_pregunta_curso_id_2548362b_fk_Preguntas_curso_id` (`curso_id`),
  KEY `Preguntas_pregunta_tema_id_c8155457_fk_Preguntas_tema_id` (`tema_id`),
  KEY `Preguntas_pregunta_universidad_id_63a663b5_fk_Preguntas` (`universidad_id`),
  CONSTRAINT `Preguntas_pregunta_curso_id_2548362b_fk_Preguntas_curso_id` FOREIGN KEY (`curso_id`) REFERENCES `Preguntas_curso` (`id`),
  CONSTRAINT `Preguntas_pregunta_tema_id_c8155457_fk_Preguntas_tema_id` FOREIGN KEY (`tema_id`) REFERENCES `Preguntas_tema` (`id`),
  CONSTRAINT `Preguntas_pregunta_universidad_id_63a663b5_fk_Preguntas` FOREIGN KEY (`universidad_id`) REFERENCES `Preguntas_universidad` (`id`),
  CONSTRAINT `Preguntas_pregunta_usuario_id_b973280b_fk_Preguntas` FOREIGN KEY (`usuario_id`) REFERENCES `Preguntas_userprofile` (`id`),
  CONSTRAINT `Preguntas_pregunta_nivel_e35ac823_check` CHECK (`nivel` >= 0)
) ENGINE=InnoDB AUTO_INCREMENT=2799 DEFAULT CHARSET=utf8mb4 COLLATE=utf8mb4_general_ci;
/*!40101 SET character_set_client = @saved_cs_client */;

--
-- Dumping data for table `Preguntas_pregunta`
--

LOCK TABLES `Preguntas_pregunta` WRITE;
/*!40000 ALTER TABLE `Preguntas_pregunta` DISABLE KEYS */;
INSERT INTO `Preguntas_pregunta` VALUES
(219,2,'2195621','preguntas/Ingresados_Geometría.docx',9,56,21,'2025-09-11 22:58:00.653998',1,'A',0),
(220,2,'2195622','preguntas/pregunta_2195622.docx',9,56,21,'2025-09-11 22:58:00.890180',1,'A',0),
(221,2,'2195623','preguntas/pregunta_2195623.docx',9,56,21,'2025-09-11 22:58:01.061932',1,'A',0),
(222,2,'2195624','preguntas/pregunta_2195624.docx',9,56,21,'2025-09-11 22:58:01.218866',1,'A',0),
(223,2,'2195625','preguntas/Ingresados_Geometría_NUsWSt6.docx',9,56,21,'2025-09-11 22:58:01.552949',1,'A',0),
(224,2,'2195626','preguntas/pregunta_2195626.docx',9,56,21,'2025-09-11 22:58:02.133702',1,'A',0),
(225,2,'2195627','preguntas/pregunta_2195627.docx',9,56,21,'2025-09-11 22:58:02.697650',1,'A',0),
(226,2,'2195628','preguntas/pregunta_2195628.docx',9,56,21,'2025-09-11 22:58:03.390421',1,'A',0),
(227,2,'2195629','preguntas/pregunta_2195629.docx',9,56,21,'2025-09-11 22:58:03.858272',1,'A',0),
(228,2,'21956210','preguntas/pregunta_21956210.docx',9,56,21,'2025-09-11 22:58:04.198062',1,'A',0),
(229,2,'21956211','preguntas/pregunta_21956211.docx',9,56,21,'2025-09-11 22:58:04.463200',1,'A',0),
(230,2,'21956212','preguntas/pregunta_21956212.docx',9,56,21,'2025-09-11 22:58:04.869445',1,'A',0),
(231,2,'21956213','preguntas/pregunta_21956213.docx',9,56,21,'2025-09-11 22:58:05.281688',1,'A',0),
(232,2,'21956214','preguntas/pregunta_21956214.docx',9,56,21,'2025-09-11 22:58:05.616499',1,'A',0),
(233,2,'21956215','preguntas/pregunta_21956215.docx',9,56,21,'2025-09-11 22:58:06.012736',1,'A',0),
(234,2,'21956216','preguntas/pregunta_21956216.docx',9,56,21,'2025-09-11 22:58:06.365226',1,'A',0),
(235,2,'21956217','preguntas/pregunta_21956217.docx',9,56,21,'2025-09-11 22:58:06.626543',1,'A',0),
(236,2,'21956218','preguntas/pregunta_21956218.docx',9,56,21,'2025-09-11 22:58:06.898098',1,'A',0),
(237,2,'21956219','preguntas/pregunta_21956219.docx',9,56,21,'2025-09-11 22:58:07.138289',1,'A',0),
(239,2,'2195721','preguntas/pregunta_2195721.docx',9,57,21,'2025-09-11 23:13:24.536320',1,'A',0),
(240,2,'2195722','preguntas/pregunta_2195722.docx',9,57,21,'2025-09-11 23:13:24.776264',1,'A',0),
(241,2,'2195723','preguntas/pregunta_2195723.docx',9,57,21,'2025-09-11 23:13:25.021958',1,'A',0),
(242,2,'2195724','preguntas/pregunta_2195724.docx',9,57,21,'2025-09-11 23:13:25.250719',1,'A',0),
(243,2,'2195725','preguntas/pregunta_2195725.docx',9,57,21,'2025-09-11 23:13:25.484889',1,'A',0),
(244,2,'2195726','preguntas/pregunta_2195726.docx',9,57,21,'2025-09-11 23:13:25.719137',1,'A',0),
(245,2,'2195727','preguntas/pregunta_2195727.docx',9,57,21,'2025-09-11 23:13:25.931181',1,'A',0),
(246,2,'2195728','preguntas/pregunta_2195728.docx',9,57,21,'2025-09-11 23:13:26.226846',1,'A',0),
(247,2,'2195729','preguntas/pregunta_2195729.docx',9,57,21,'2025-09-11 23:13:26.456718',1,'A',0),
(248,2,'21957210','preguntas/pregunta_21957210.docx',9,57,21,'2025-09-11 23:13:26.675707',1,'A',0),
(249,2,'21957211','preguntas/pregunta_21957211.docx',9,57,21,'2025-09-11 23:13:26.909293',1,'A',0),
(250,2,'21957212','preguntas/pregunta_21957212.docx',9,57,21,'2025-09-11 23:13:27.120613',1,'A',0),
(251,2,'21957213','preguntas/pregunta_21957213.docx',9,57,21,'2025-09-11 23:13:27.389776',1,'A',0),
(252,2,'21957214','preguntas/pregunta_21957214.docx',9,57,21,'2025-09-11 23:13:27.710159',1,'A',0),
(253,2,'21957215','preguntas/pregunta_21957215.docx',9,57,21,'2025-09-11 23:13:27.921780',1,'A',0),
(254,2,'21957216','preguntas/pregunta_21957216.docx',9,57,21,'2025-09-11 23:13:28.165891',1,'A',0),
(255,2,'21957217','preguntas/pregunta_21957217.docx',9,57,21,'2025-09-11 23:13:28.410910',1,'A',0),
(256,2,'21957218','preguntas/pregunta_21957218.docx',9,57,21,'2025-09-11 23:13:28.629021',1,'A',0),
(257,2,'21957219','preguntas/pregunta_21957219.docx',9,57,21,'2025-09-11 23:13:28.835702',1,'A',0),
(258,2,'21957220','preguntas/pregunta_21957220.docx',9,57,21,'2025-09-11 23:13:29.110980',1,'A',0),
(259,2,'2195821','preguntas/pregunta_2195821.docx',9,58,21,'2025-09-12 12:21:40.427032',1,'A',0),
(260,2,'2195822','preguntas/pregunta_2195822.docx',9,58,21,'2025-09-12 12:21:40.648068',1,'A',0),
(261,2,'2195823','preguntas/pregunta_2195823.docx',9,58,21,'2025-09-12 12:21:40.869007',1,'A',0),
(262,2,'2195824','preguntas/pregunta_2195824.docx',9,58,21,'2025-09-12 12:21:41.075747',1,'A',0),
(263,2,'2195825','preguntas/pregunta_2195825.docx',9,58,21,'2025-09-12 12:21:41.303886',1,'A',0),
(264,2,'2195826','preguntas/pregunta_2195826.docx',9,58,21,'2025-09-12 12:21:41.528948',1,'A',0),
(265,2,'2195827','preguntas/pregunta_2195827.docx',9,58,21,'2025-09-12 12:21:41.744174',1,'A',0),
(266,2,'2195828','preguntas/pregunta_2195828.docx',9,58,21,'2025-09-12 12:21:41.938556',1,'A',0),
(267,2,'2195829','preguntas/pregunta_2195829.docx',9,58,21,'2025-09-12 12:21:42.158808',1,'A',0),
(268,2,'21958210','preguntas/pregunta_21958210.docx',9,58,21,'2025-09-12 12:21:42.353523',1,'A',0),
(269,2,'21958211','preguntas/pregunta_21958211.docx',9,58,21,'2025-09-12 12:21:42.590551',1,'A',0),
(270,2,'21958212','preguntas/pregunta_21958212.docx',9,58,21,'2025-09-12 12:21:42.828776',1,'A',0),
(271,2,'21958213','preguntas/pregunta_21958213.docx',9,58,21,'2025-09-12 12:21:43.058207',1,'A',0),
(272,2,'21958214','preguntas/pregunta_21958214.docx',9,58,21,'2025-09-12 12:21:43.288934',1,'A',0),
(273,2,'21958215','preguntas/pregunta_21958215.docx',9,58,21,'2025-09-12 12:21:43.496065',1,'A',0),
(274,2,'21958216','preguntas/pregunta_21958216.docx',9,58,21,'2025-09-12 12:21:43.837892',1,'A',0),
(275,2,'21958217','preguntas/pregunta_21958217.docx',9,58,21,'2025-09-12 12:21:44.058713',1,'A',0),
(276,2,'21958218','preguntas/pregunta_21958218.docx',9,58,21,'2025-09-12 12:21:44.273710',1,'A',0),
(277,2,'21958219','preguntas/pregunta_21958219.docx',9,58,21,'2025-09-12 12:21:44.479279',1,'A',0),
(278,2,'21958220','preguntas/pregunta_21958220.docx',9,58,21,'2025-09-12 12:21:44.686300',1,'A',0),
(298,2,'2195921','preguntas/pregunta_2195921_wIaRhi7.docx',9,59,21,'2025-09-12 13:25:26.568436',1,'A',0),
(299,2,'2195922','preguntas/pregunta_2195922_xhfZeJp.docx',9,59,21,'2025-09-12 13:25:26.831433',1,'A',0),
(300,2,'2195923','preguntas/pregunta_2195923_9PcJDc8.docx',9,59,21,'2025-09-12 13:25:27.066622',1,'A',0),
(301,2,'2195924','preguntas/pregunta_2195924_WlJ3rDg.docx',9,59,21,'2025-09-12 13:25:27.304490',1,'A',0),
(302,2,'2195925','preguntas/pregunta_2195925_14E9vII.docx',9,59,21,'2025-09-12 13:25:27.565758',1,'A',0),
(303,2,'2195926','preguntas/pregunta_2195926_XySdplm.docx',9,59,21,'2025-09-12 13:25:27.867099',1,'A',0),
(304,2,'2195927','preguntas/pregunta_2195927_Bj1i78y.docx',9,59,21,'2025-09-12 13:25:28.125930',1,'A',0),
(305,2,'2195928','preguntas/pregunta_2195928_bvBV3AR.docx',9,59,21,'2025-09-12 13:25:28.401996',1,'A',0),
(306,2,'2195929','preguntas/pregunta_2195929_QX2KmeB.docx',9,59,21,'2025-09-12 13:25:28.616270',1,'A',0),
(307,2,'21959210','preguntas/pregunta_21959210_RkVRrLW.docx',9,59,21,'2025-09-12 13:25:28.837806',1,'A',0),
(308,2,'21959211','preguntas/pregunta_21959211_WCmDwHg.docx',9,59,21,'2025-09-12 13:25:29.062639',1,'A',0),
(309,2,'21959212','preguntas/pregunta_21959212_PoDk33a.docx',9,59,21,'2025-09-12 13:25:29.367069',1,'A',0),
(310,2,'21959213','preguntas/pregunta_21959213_hOqO9QF.docx',9,59,21,'2025-09-12 13:25:29.685621',1,'A',0),
(311,2,'21959214','preguntas/pregunta_21959214_Wnedr7H.docx',9,59,21,'2025-09-12 13:25:29.976891',1,'A',0),
(312,2,'21959215','preguntas/pregunta_21959215_ue8kOxb.docx',9,59,21,'2025-09-12 13:25:30.245700',1,'A',0),
(313,2,'21959216','preguntas/pregunta_21959216_wxQcBhN.docx',9,59,21,'2025-09-12 13:25:30.493839',1,'A',0),
(314,2,'21959217','preguntas/pregunta_21959217_JSqPksK.docx',9,59,21,'2025-09-12 13:25:30.747877',1,'A',0),
(317,2,'21959218','preguntas/pregunta_21959218_hXiaaWD.docx',9,59,21,'2025-09-14 11:59:53.078613',1,'A',0),
(318,2,'21959219','preguntas/pregunta_21959219_Gr0kFH8.docx',9,59,21,'2025-09-14 11:59:53.345575',1,'A',0),
(319,2,'21959220','preguntas/pregunta_21959220.docx',9,59,21,'2025-09-14 11:59:53.566713',1,'A',0),
(320,2,'2196021','preguntas/pregunta_2196021.docx',9,60,21,'2025-09-14 12:15:35.985764',1,'A',0),
(321,2,'2196022','preguntas/pregunta_2196022.docx',9,60,21,'2025-09-14 12:15:36.251750',1,'A',0),
(322,2,'2196023','preguntas/pregunta_2196023.docx',9,60,21,'2025-09-14 12:15:36.531272',1,'A',0),
(323,2,'2196024','preguntas/pregunta_2196024.docx',9,60,21,'2025-09-14 12:15:36.758889',1,'A',0),
(324,2,'2196025','preguntas/pregunta_2196025.docx',9,60,21,'2025-09-14 12:15:36.979588',1,'A',0),
(325,2,'2196026','preguntas/pregunta_2196026.docx',9,60,21,'2025-09-14 12:15:37.270346',1,'A',0),
(326,2,'2196027','preguntas/pregunta_2196027.docx',9,60,21,'2025-09-14 12:15:37.500556',1,'A',0),
(327,2,'2196028','preguntas/pregunta_2196028.docx',9,60,21,'2025-09-14 12:15:37.803546',1,'A',0),
(328,2,'2196029','preguntas/pregunta_2196029.docx',9,60,21,'2025-09-14 12:15:38.009804',1,'A',0),
(329,2,'21960210','preguntas/pregunta_21960210.docx',9,60,21,'2025-09-14 12:15:38.251900',1,'A',0),
(330,2,'21960211','preguntas/pregunta_21960211.docx',9,60,21,'2025-09-14 12:15:38.490628',1,'A',0),
(331,2,'21960212','preguntas/pregunta_21960212.docx',9,60,21,'2025-09-14 12:15:38.749970',1,'A',0),
(332,2,'21960213','preguntas/pregunta_21960213.docx',9,60,21,'2025-09-14 12:15:38.975682',1,'A',0),
(333,2,'21960214','preguntas/pregunta_21960214.docx',9,60,21,'2025-09-14 12:15:39.209193',1,'A',0),
(334,2,'21960215','preguntas/pregunta_21960215.docx',9,60,21,'2025-09-14 12:15:39.480159',1,'A',0),
(335,2,'21960216','preguntas/pregunta_21960216.docx',9,60,21,'2025-09-14 12:15:39.698818',1,'A',0),
(336,2,'21960217','preguntas/pregunta_21960217.docx',9,60,21,'2025-09-14 12:15:39.938865',1,'A',0),
(337,2,'21960218','preguntas/pregunta_21960218.docx',9,60,21,'2025-09-14 12:15:40.179803',1,'A',0),
(338,2,'21960219','preguntas/pregunta_21960219.docx',9,60,21,'2025-09-14 12:15:40.407495',1,'A',0),
(339,2,'21960220','preguntas/pregunta_21960220.docx',9,60,21,'2025-09-14 12:15:40.669050',1,'A',0),
(340,2,'2196121','preguntas/pregunta_2196121.docx',9,61,21,'2025-09-14 12:24:54.907197',1,'A',0),
(341,2,'2196122','preguntas/pregunta_2196122.docx',9,61,21,'2025-09-14 12:24:55.118438',1,'A',0),
(342,2,'2196123','preguntas/pregunta_2196123.docx',9,61,21,'2025-09-14 12:24:55.341089',1,'A',0),
(343,2,'2196124','preguntas/pregunta_2196124.docx',9,61,21,'2025-09-14 12:24:55.553607',1,'A',0),
(344,2,'2196125','preguntas/pregunta_2196125.docx',9,61,21,'2025-09-14 12:24:55.772462',1,'A',0),
(345,2,'2196126','preguntas/pregunta_2196126.docx',9,61,21,'2025-09-14 12:24:55.979278',1,'A',0),
(346,2,'2196127','preguntas/pregunta_2196127.docx',9,61,21,'2025-09-14 12:24:56.204226',1,'A',0),
(347,2,'2196128','preguntas/pregunta_2196128.docx',9,61,21,'2025-09-14 12:24:56.424554',1,'A',0),
(348,2,'2196129','preguntas/pregunta_2196129.docx',9,61,21,'2025-09-14 12:24:56.658971',1,'A',0),
(349,2,'21961210','preguntas/pregunta_21961210.docx',9,61,21,'2025-09-14 12:24:56.863847',1,'A',0),
(350,2,'21961211','preguntas/pregunta_21961211.docx',9,61,21,'2025-09-14 12:24:57.068088',1,'A',0),
(351,2,'21961212','preguntas/pregunta_21961212.docx',9,61,21,'2025-09-14 12:24:57.291697',1,'A',0),
(352,2,'21961213','preguntas/pregunta_21961213.docx',9,61,21,'2025-09-14 12:24:57.619289',1,'A',0),
(353,2,'21961214','preguntas/pregunta_21961214.docx',9,61,21,'2025-09-14 12:24:57.815987',1,'A',0),
(354,2,'21961215','preguntas/pregunta_21961215.docx',9,61,21,'2025-09-14 12:24:58.054362',1,'A',0),
(355,2,'21961216','preguntas/pregunta_21961216.docx',9,61,21,'2025-09-14 12:24:58.271061',1,'A',0),
(356,2,'21961217','preguntas/pregunta_21961217.docx',9,61,21,'2025-09-14 12:24:58.463838',1,'A',0),
(357,2,'21961218','preguntas/pregunta_21961218.docx',9,61,21,'2025-09-14 12:24:58.670524',1,'A',0),
(358,2,'21961219','preguntas/pregunta_21961219.docx',9,61,21,'2025-09-14 12:24:58.892636',1,'A',0),
(359,2,'21961220','preguntas/pregunta_21961220.docx',9,61,21,'2025-09-14 12:24:59.094528',1,'A',0),
(360,2,'2196221','preguntas/pregunta_2196221.docx',9,62,21,'2025-09-14 12:43:34.012056',1,'A',0),
(361,2,'2196222','preguntas/pregunta_2196222.docx',9,62,21,'2025-09-14 12:43:34.253719',1,'A',0),
(362,2,'2196223','preguntas/pregunta_2196223.docx',9,62,21,'2025-09-14 12:43:34.482962',1,'A',0),
(363,2,'2196224','preguntas/pregunta_2196224.docx',9,62,21,'2025-09-14 12:43:34.722334',1,'A',0),
(364,2,'2196225','preguntas/pregunta_2196225.docx',9,62,21,'2025-09-14 12:43:34.920990',1,'A',0),
(365,2,'2196226','preguntas/pregunta_2196226.docx',9,62,21,'2025-09-14 12:43:35.103252',1,'A',0),
(366,2,'2196227','preguntas/pregunta_2196227.docx',9,62,21,'2025-09-14 12:43:35.343596',1,'A',0),
(367,2,'2196228','preguntas/pregunta_2196228.docx',9,62,21,'2025-09-14 12:43:35.572600',1,'A',0),
(368,2,'2196229','preguntas/pregunta_2196229.docx',9,62,21,'2025-09-14 12:43:35.792206',1,'A',0),
(369,2,'21962210','preguntas/pregunta_21962210.docx',9,62,21,'2025-09-14 12:43:36.039048',1,'A',0),
(370,2,'21962211','preguntas/pregunta_21962211.docx',9,62,21,'2025-09-14 12:43:36.283031',1,'A',0),
(371,2,'21962212','preguntas/pregunta_21962212.docx',9,62,21,'2025-09-14 12:43:36.527224',1,'A',0),
(372,2,'21962213','preguntas/pregunta_21962213.docx',9,62,21,'2025-09-14 12:43:36.765173',1,'A',0),
(373,2,'21962214','preguntas/pregunta_21962214.docx',9,62,21,'2025-09-14 12:43:36.998213',1,'A',0),
(374,2,'21962215','preguntas/pregunta_21962215.docx',9,62,21,'2025-09-14 12:43:37.270013',1,'A',0),
(375,2,'21962216','preguntas/pregunta_21962216.docx',9,62,21,'2025-09-14 12:43:37.491226',1,'A',0),
(376,2,'21962217','preguntas/pregunta_21962217.docx',9,62,21,'2025-09-14 12:43:37.776883',1,'A',0),
(377,2,'21962218','preguntas/pregunta_21962218.docx',9,62,21,'2025-09-14 12:43:38.039272',1,'A',0),
(378,2,'21962219','preguntas/pregunta_21962219.docx',9,62,21,'2025-09-14 12:43:38.257545',1,'A',0),
(379,2,'21962220','preguntas/pregunta_21962220.docx',9,62,21,'2025-09-14 12:43:38.453998',1,'A',0),
(382,2,'2196321','preguntas/pregunta_2196321_h5h0E8C.docx',9,63,21,'2025-09-15 14:41:20.250346',1,'A',0),
(383,2,'2196322','preguntas/pregunta_2196322.docx',9,63,21,'2025-09-15 14:41:20.474335',1,'A',0),
(384,2,'2196323','preguntas/pregunta_2196323.docx',9,63,21,'2025-09-15 14:41:20.660699',1,'A',0),
(385,2,'2196324','preguntas/pregunta_2196324.docx',9,63,21,'2025-09-15 14:41:20.902707',1,'A',0),
(386,2,'2196325','preguntas/pregunta_2196325.docx',9,63,21,'2025-09-15 14:41:21.189593',1,'A',0),
(387,2,'2196326','preguntas/pregunta_2196326.docx',9,63,21,'2025-09-15 14:41:21.453834',1,'A',0),
(388,2,'2196327','preguntas/pregunta_2196327.docx',9,63,21,'2025-09-15 14:41:21.708237',1,'A',0),
(389,2,'2196328','preguntas/pregunta_2196328.docx',9,63,21,'2025-09-15 14:41:21.947928',1,'A',0),
(390,2,'2196329','preguntas/pregunta_2196329.docx',9,63,21,'2025-09-15 14:41:22.269183',1,'A',0),
(391,2,'21963210','preguntas/pregunta_21963210.docx',9,63,21,'2025-09-15 14:41:22.587624',1,'A',0),
(392,2,'21963211','preguntas/pregunta_21963211.docx',9,63,21,'2025-09-15 14:41:22.872069',1,'A',0),
(393,2,'21963212','preguntas/pregunta_21963212.docx',9,63,21,'2025-09-15 14:41:23.267144',1,'A',0),
(394,2,'21963213','preguntas/pregunta_21963213.docx',9,63,21,'2025-09-15 14:41:23.543105',1,'A',0),
(395,2,'21963214','preguntas/pregunta_21963214.docx',9,63,21,'2025-09-15 14:41:23.815438',1,'A',0),
(396,2,'21963215','preguntas/pregunta_21963215.docx',9,63,21,'2025-09-15 14:41:24.072792',1,'A',0),
(397,2,'21963216','preguntas/pregunta_21963216.docx',9,63,21,'2025-09-15 14:41:24.304654',1,'A',0),
(398,2,'21963217','preguntas/pregunta_21963217.docx',9,63,21,'2025-09-15 14:41:24.571145',1,'A',0),
(399,2,'21963218','preguntas/pregunta_21963218.docx',9,63,21,'2025-09-15 14:41:24.848213',1,'A',0),
(400,2,'21963219','preguntas/pregunta_21963219.docx',9,63,21,'2025-09-15 14:41:25.106058',1,'A',0),
(401,2,'21963220','preguntas/pregunta_21963220.docx',9,63,21,'2025-09-15 14:41:25.405598',1,'A',0),
(454,2,'2196421','preguntas/pregunta_2196421_yaIeCk3.docx',9,64,21,'2025-09-15 16:14:35.732801',1,'A',0),
(455,2,'2196422','preguntas/pregunta_2196422_3PuN27A.docx',9,64,21,'2025-09-15 16:14:36.096819',1,'A',0),
(456,2,'2196423','preguntas/pregunta_2196423_cunN471.docx',9,64,21,'2025-09-15 16:14:36.321669',1,'A',0),
(457,2,'2196424','preguntas/pregunta_2196424_nPbmH9U.docx',9,64,21,'2025-09-15 16:14:36.585059',1,'A',0),
(458,2,'2196425','preguntas/pregunta_2196425_oQnroPv.docx',9,64,21,'2025-09-15 16:14:36.817712',1,'A',0),
(459,2,'2196426','preguntas/pregunta_2196426_kXjODpY.docx',9,64,21,'2025-09-15 16:14:37.061870',1,'A',0),
(460,2,'2196427','preguntas/pregunta_2196427_Tcgm1gQ.docx',9,64,21,'2025-09-15 16:14:37.299906',1,'A',0),
(461,2,'2196428','preguntas/pregunta_2196428_7tavUWn.docx',9,64,21,'2025-09-15 16:14:37.513112',1,'A',0),
(462,2,'2196429','preguntas/pregunta_2196429_n2PdkDX.docx',9,64,21,'2025-09-15 16:14:37.733843',1,'A',0),
(463,2,'21964210','preguntas/pregunta_21964210_RgoM5fu.docx',9,64,21,'2025-09-15 16:14:37.994444',1,'A',0),
(464,2,'21964211','preguntas/pregunta_21964211_4WFOSeI.docx',9,64,21,'2025-09-15 16:14:38.248720',1,'A',0),
(465,2,'21964212','preguntas/pregunta_21964212_JoOqmHe.docx',9,64,21,'2025-09-15 16:14:38.473982',1,'A',0),
(466,2,'21964213','preguntas/pregunta_21964213_kuL9gMp.docx',9,64,21,'2025-09-15 16:14:38.680426',1,'A',0),
(467,2,'21964214','preguntas/pregunta_21964214_UuOrQIT.docx',9,64,21,'2025-09-15 16:14:38.939788',1,'A',0),
(468,2,'21964215','preguntas/pregunta_21964215_9nKCyH2.docx',9,64,21,'2025-09-15 16:14:39.185319',1,'A',0),
(469,2,'21964216','preguntas/pregunta_21964216_Io3WiWn.docx',9,64,21,'2025-09-15 16:14:39.440810',1,'A',0),
(470,2,'21964217','preguntas/pregunta_21964217_QTLFdyH.docx',9,64,21,'2025-09-15 16:14:39.686126',1,'A',0),
(471,2,'21964218','preguntas/pregunta_21964218_MhSgvsl.docx',9,64,21,'2025-09-15 16:14:39.901475',1,'A',0),
(472,2,'21964219','preguntas/pregunta_21964219_JlqkOq5.docx',9,64,21,'2025-09-15 16:14:40.188487',1,'A',0),
(473,2,'21964220','preguntas/pregunta_21964220.docx',9,64,21,'2025-09-15 16:14:40.445181',1,'A',0),
(493,2,'2196621','preguntas/pregunta_2196621_Vgkxbyv.docx',9,66,21,'2025-09-15 16:37:52.887689',1,'A',0),
(494,2,'2196622','preguntas/pregunta_2196622_sxMZJy9.docx',9,66,21,'2025-09-15 16:37:53.107685',1,'A',0),
(495,2,'2196623','preguntas/pregunta_2196623_bG2j3RM.docx',9,66,21,'2025-09-15 16:37:53.347189',1,'A',0),
(496,2,'2196624','preguntas/pregunta_2196624_TAfG9PF.docx',9,66,21,'2025-09-15 16:37:53.592011',1,'A',0),
(497,2,'2196625','preguntas/pregunta_2196625_Mn0BCd1.docx',9,66,21,'2025-09-15 16:37:53.828263',1,'A',0),
(498,2,'2196626','preguntas/pregunta_2196626_1ZEe7M0.docx',9,66,21,'2025-09-15 16:37:54.074885',1,'A',0),
(499,2,'2196627','preguntas/pregunta_2196627_0cYFOby.docx',9,66,21,'2025-09-15 16:37:54.304247',1,'A',0),
(500,2,'2196628','preguntas/pregunta_2196628_FHiGPKS.docx',9,66,21,'2025-09-15 16:37:54.535229',1,'A',0),
(501,2,'2196629','preguntas/pregunta_2196629_hTAl4HG.docx',9,66,21,'2025-09-15 16:37:54.749278',1,'A',0),
(502,2,'21966210','preguntas/pregunta_21966210_9qA4UNm.docx',9,66,21,'2025-09-15 16:37:54.974772',1,'A',0),
(503,2,'21966211','preguntas/pregunta_21966211_H3qFzvA.docx',9,66,21,'2025-09-15 16:37:55.187552',1,'A',0),
(504,2,'21966212','preguntas/pregunta_21966212_jFreVMa.docx',9,66,21,'2025-09-15 16:37:55.403619',1,'A',0),
(505,2,'21966213','preguntas/pregunta_21966213_qQABW2h.docx',9,66,21,'2025-09-15 16:37:55.629585',1,'A',0),
(506,2,'21966214','preguntas/pregunta_21966214_jM4zTAM.docx',9,66,21,'2025-09-15 16:37:55.847867',1,'A',0),
(507,2,'21966215','preguntas/pregunta_21966215_5XwHSCO.docx',9,66,21,'2025-09-15 16:37:56.088132',1,'A',0),
(508,2,'21966216','preguntas/pregunta_21966216_Ekuq30D.docx',9,66,21,'2025-09-15 16:37:56.335257',1,'A',0),
(509,2,'21966217','preguntas/pregunta_21966217_uXeEKNo.docx',9,66,21,'2025-09-15 16:37:56.563545',1,'A',0),
(510,2,'21966218','preguntas/pregunta_21966218_fWRs2CP.docx',9,66,21,'2025-09-15 16:37:56.779651',1,'A',0),
(511,2,'21966219','preguntas/pregunta_21966219_KvJh6x2.docx',9,66,21,'2025-09-15 16:37:57.048912',1,'A',0),
(512,2,'21966220','preguntas/pregunta_21966220.docx',9,66,21,'2025-09-15 16:37:57.487463',1,'A',0),
(514,2,'2196721','preguntas/pregunta_2196721_7sQaHHl.docx',9,67,21,'2025-09-15 17:01:26.067951',1,'A',0),
(515,2,'2196722','preguntas/pregunta_2196722.docx',9,67,21,'2025-09-15 17:01:26.303052',1,'A',0),
(516,2,'2196723','preguntas/pregunta_2196723.docx',9,67,21,'2025-09-15 17:01:26.630871',1,'A',0),
(517,2,'2196724','preguntas/pregunta_2196724.docx',9,67,21,'2025-09-15 17:01:26.917614',1,'A',0),
(518,2,'2196725','preguntas/pregunta_2196725.docx',9,67,21,'2025-09-15 17:01:27.182146',1,'A',0),
(519,2,'2196726','preguntas/pregunta_2196726.docx',9,67,21,'2025-09-15 17:01:27.447852',1,'A',0),
(520,2,'2196727','preguntas/pregunta_2196727.docx',9,67,21,'2025-09-15 17:01:27.732661',1,'A',0),
(521,2,'2196728','preguntas/pregunta_2196728.docx',9,67,21,'2025-09-15 17:01:28.018175',1,'A',0),
(522,2,'2196729','preguntas/pregunta_2196729.docx',9,67,21,'2025-09-15 17:01:28.249030',1,'A',0),
(523,2,'21967210','preguntas/pregunta_21967210.docx',9,67,21,'2025-09-15 17:01:28.535290',1,'A',0),
(524,2,'21967211','preguntas/pregunta_21967211.docx',9,67,21,'2025-09-15 17:01:28.815784',1,'A',0),
(525,2,'21967212','preguntas/pregunta_21967212.docx',9,67,21,'2025-09-15 17:01:29.105131',1,'A',0),
(526,2,'21967213','preguntas/pregunta_21967213.docx',9,67,21,'2025-09-15 17:01:29.393071',1,'A',0),
(527,2,'21967214','preguntas/pregunta_21967214.docx',9,67,21,'2025-09-15 17:01:29.660475',1,'A',0),
(528,2,'21967215','preguntas/pregunta_21967215.docx',9,67,21,'2025-09-15 17:01:29.933260',1,'A',0),
(529,2,'21967216','preguntas/pregunta_21967216.docx',9,67,21,'2025-09-15 17:01:30.247073',1,'A',0),
(530,2,'21967217','preguntas/pregunta_21967217.docx',9,67,21,'2025-09-15 17:01:30.529306',1,'A',0),
(531,2,'21967218','preguntas/pregunta_21967218.docx',9,67,21,'2025-09-15 17:01:30.829357',1,'A',0),
(532,2,'21967219','preguntas/pregunta_21967219.docx',9,67,21,'2025-09-15 17:01:31.131168',1,'A',0),
(533,2,'21967220','preguntas/pregunta_21967220.docx',9,67,21,'2025-09-15 17:01:31.392471',1,'A',0),
(534,2,'21967221','preguntas/pregunta_21967221.docx',9,67,21,'2025-09-15 17:01:31.700533',1,'A',0),
(535,2,'21967222','preguntas/pregunta_21967222.docx',9,67,21,'2025-09-15 17:01:31.978086',1,'A',0),
(536,2,'21967223','preguntas/pregunta_21967223.docx',9,67,21,'2025-09-15 17:01:32.286836',1,'A',0),
(537,2,'21967224','preguntas/pregunta_21967224.docx',9,67,21,'2025-09-15 17:01:32.582261',1,'A',0),
(538,2,'21967225','preguntas/pregunta_21967225.docx',9,67,21,'2025-09-15 17:01:32.876689',1,'A',0),
(539,2,'21967226','preguntas/pregunta_21967226.docx',9,67,21,'2025-09-15 17:01:33.167694',1,'A',0),
(540,2,'21967227','preguntas/pregunta_21967227.docx',9,67,21,'2025-09-15 17:01:33.466766',1,'A',0),
(541,2,'21967228','preguntas/pregunta_21967228.docx',9,67,21,'2025-09-15 17:01:33.982728',1,'A',0),
(542,2,'21967229','preguntas/pregunta_21967229.docx',9,67,21,'2025-09-15 17:01:34.255615',1,'A',0),
(543,2,'21967230','preguntas/pregunta_21967230.docx',9,67,21,'2025-09-15 17:01:34.513093',1,'A',0),
(544,2,'21967231','preguntas/pregunta_21967231.docx',9,67,21,'2025-09-15 17:01:34.781917',1,'A',0),
(545,2,'21967232','preguntas/pregunta_21967232.docx',9,67,21,'2025-09-15 17:01:35.045635',1,'A',0),
(546,2,'23176821','preguntas/pregunta_23176821.docx',17,68,23,'2025-09-15 22:38:03.044442',1,'A',0),
(547,2,'23176822','preguntas/pregunta_23176822.docx',17,68,23,'2025-09-15 22:38:03.399180',1,'A',0),
(548,2,'23176823','preguntas/pregunta_23176823.docx',17,68,23,'2025-09-15 22:38:03.759447',1,'A',0),
(549,2,'23176824','preguntas/pregunta_23176824.docx',17,68,23,'2025-09-15 22:38:03.991855',1,'A',0),
(550,2,'23176825','preguntas/pregunta_23176825.docx',17,68,23,'2025-09-15 22:38:04.338649',1,'A',0),
(551,2,'23176826','preguntas/pregunta_23176826.docx',17,68,23,'2025-09-15 22:38:04.650759',1,'A',0),
(552,2,'23176827','preguntas/pregunta_23176827.docx',17,68,23,'2025-09-15 22:38:04.984920',1,'A',0),
(553,2,'23176828','preguntas/pregunta_23176828.docx',17,68,23,'2025-09-15 22:38:05.271886',1,'A',0),
(554,2,'23176829','preguntas/pregunta_23176829.docx',17,68,23,'2025-09-15 22:38:05.583916',1,'A',0),
(555,2,'231768210','preguntas/pregunta_231768210.docx',17,68,23,'2025-09-15 22:38:05.836285',1,'A',0),
(556,2,'231768211','preguntas/pregunta_231768211.docx',17,68,23,'2025-09-15 22:38:06.095565',1,'A',0),
(557,2,'231768212','preguntas/pregunta_231768212.docx',17,68,23,'2025-09-15 22:38:06.388939',1,'A',0),
(558,2,'231768213','preguntas/pregunta_231768213.docx',17,68,23,'2025-09-15 22:38:06.639884',1,'A',0),
(559,2,'231768214','preguntas/pregunta_231768214.docx',17,68,23,'2025-09-15 22:38:06.879338',1,'A',0),
(560,2,'231768215','preguntas/pregunta_231768215.docx',17,68,23,'2025-09-15 22:38:07.220052',1,'A',0),
(561,2,'231768216','preguntas/pregunta_231768216.docx',17,68,23,'2025-09-15 22:38:07.448873',1,'A',0),
(562,2,'231768217','preguntas/pregunta_231768217.docx',17,68,23,'2025-09-15 22:38:07.707839',1,'A',0),
(563,2,'231768218','preguntas/pregunta_231768218.docx',17,68,23,'2025-09-15 22:38:08.022275',1,'A',0),
(564,2,'231768219','preguntas/pregunta_231768219.docx',17,68,23,'2025-09-15 22:38:08.279508',1,'A',0),
(565,2,'231768220','preguntas/pregunta_231768220.docx',17,68,23,'2025-09-15 22:38:08.493025',1,'A',0),
(566,2,'231768221','preguntas/pregunta_231768221.docx',17,68,23,'2025-09-15 22:38:08.771901',1,'A',0),
(567,2,'231768222','preguntas/pregunta_231768222.docx',17,68,23,'2025-09-15 22:38:09.043970',1,'A',0),
(568,2,'231768223','preguntas/pregunta_231768223.docx',17,68,23,'2025-09-15 22:38:09.325055',1,'A',0),
(569,2,'231768224','preguntas/pregunta_231768224.docx',17,68,23,'2025-09-15 22:38:09.604200',1,'A',0),
(570,2,'231768225','preguntas/pregunta_231768225.docx',17,68,23,'2025-09-15 22:38:09.903140',1,'A',0),
(571,2,'231768226','preguntas/pregunta_231768226.docx',17,68,23,'2025-09-15 22:38:10.161593',1,'A',0),
(572,2,'231768227','preguntas/pregunta_231768227.docx',17,68,23,'2025-09-15 22:38:10.638533',1,'A',0),
(573,2,'231768228','preguntas/pregunta_231768228.docx',17,68,23,'2025-09-15 22:38:10.874829',1,'A',0),
(574,2,'231768229','preguntas/pregunta_231768229.docx',17,68,23,'2025-09-15 22:38:11.092514',1,'A',0),
(575,2,'231768230','preguntas/pregunta_231768230.docx',17,68,23,'2025-09-15 22:38:11.314574',1,'A',0),
(576,2,'231768231','preguntas/pregunta_231768231.docx',17,68,23,'2025-09-15 22:38:11.505021',1,'A',0),
(577,2,'231768232','preguntas/pregunta_231768232.docx',17,68,23,'2025-09-15 22:38:11.751900',1,'A',0),
(578,2,'231768233','preguntas/pregunta_231768233.docx',17,68,23,'2025-09-15 22:38:11.986330',1,'A',0),
(579,2,'231768234','preguntas/pregunta_231768234.docx',17,68,23,'2025-09-15 22:38:12.168373',1,'A',0),
(580,2,'231768235','preguntas/pregunta_231768235.docx',17,68,23,'2025-09-15 22:38:12.359552',1,'A',0),
(581,2,'231768236','preguntas/pregunta_231768236.docx',17,68,23,'2025-09-15 22:38:12.577108',1,'A',0),
(582,2,'231768237','preguntas/pregunta_231768237.docx',17,68,23,'2025-09-15 22:38:12.787368',1,'A',0),
(583,2,'231768238','preguntas/pregunta_231768238.docx',17,68,23,'2025-09-15 22:38:12.974738',1,'A',0),
(584,2,'231768239','preguntas/pregunta_231768239.docx',17,68,23,'2025-09-15 22:38:13.179131',1,'A',0),
(585,2,'231768240','preguntas/pregunta_231768240.docx',17,68,23,'2025-09-15 22:38:13.354736',1,'A',0),
(586,2,'231768241','preguntas/pregunta_231768241.docx',17,68,23,'2025-09-15 22:38:13.601167',1,'A',0),
(587,2,'231768242','preguntas/pregunta_231768242.docx',17,68,23,'2025-09-15 22:38:13.858778',1,'A',0),
(588,2,'231768243','preguntas/pregunta_231768243.docx',17,68,23,'2025-09-15 22:38:14.124655',1,'A',0),
(589,2,'231768244','preguntas/pregunta_231768244.docx',17,68,23,'2025-09-15 22:38:14.365246',1,'A',0),
(590,2,'231768245','preguntas/pregunta_231768245.docx',17,68,23,'2025-09-15 22:38:14.671241',1,'A',0),
(591,2,'231768246','preguntas/pregunta_231768246.docx',17,68,23,'2025-09-15 22:38:14.986132',1,'A',0),
(592,2,'231768247','preguntas/pregunta_231768247.docx',17,68,23,'2025-09-15 22:38:15.219675',1,'A',0),
(593,2,'231768248','preguntas/pregunta_231768248.docx',17,68,23,'2025-09-15 22:38:15.468723',1,'A',0),
(594,2,'231768249','preguntas/pregunta_231768249.docx',17,68,23,'2025-09-15 22:38:15.708209',1,'A',0),
(595,2,'231768250','preguntas/pregunta_231768250.docx',17,68,23,'2025-09-15 22:38:15.925851',1,'A',0),
(596,2,'231768251','preguntas/pregunta_231768251.docx',17,68,23,'2025-09-15 22:38:16.159580',1,'A',0),
(597,2,'231768252','preguntas/pregunta_231768252.docx',17,68,23,'2025-09-15 22:38:16.397175',1,'A',0),
(598,2,'231768253','preguntas/pregunta_231768253.docx',17,68,23,'2025-09-15 22:38:16.617745',1,'A',0),
(599,2,'231768254','preguntas/pregunta_231768254.docx',17,68,23,'2025-09-15 22:38:16.995121',1,'A',0),
(600,2,'231768255','preguntas/pregunta_231768255.docx',17,68,23,'2025-09-15 22:38:17.216843',1,'A',0),
(601,2,'231768256','preguntas/pregunta_231768256.docx',17,68,23,'2025-09-15 22:38:17.448143',1,'A',0),
(602,2,'231768257','preguntas/pregunta_231768257.docx',17,68,23,'2025-09-15 22:38:17.721030',1,'A',0),
(603,2,'231768258','preguntas/pregunta_231768258.docx',17,68,23,'2025-09-15 22:38:17.942591',1,'A',0),
(604,2,'231768259','preguntas/pregunta_231768259.docx',17,68,23,'2025-09-15 22:38:18.200926',1,'A',0),
(605,2,'231768260','preguntas/pregunta_231768260.docx',17,68,23,'2025-09-15 22:38:18.509211',1,'A',0),
(606,2,'231768261','preguntas/pregunta_231768261.docx',17,68,23,'2025-09-15 22:38:18.754499',1,'A',0),
(607,2,'231768262','preguntas/pregunta_231768262.docx',17,68,23,'2025-09-15 22:38:19.012569',1,'A',0),
(608,2,'231768263','preguntas/pregunta_231768263.docx',17,68,23,'2025-09-15 22:38:19.557366',1,'A',0),
(609,2,'231768264','preguntas/pregunta_231768264.docx',17,68,23,'2025-09-15 22:38:19.790527',1,'A',0),
(610,2,'231768265','preguntas/pregunta_231768265.docx',17,68,23,'2025-09-15 22:38:20.000058',1,'A',0),
(611,2,'231768266','preguntas/pregunta_231768266.docx',17,68,23,'2025-09-15 22:38:20.275793',1,'A',0),
(612,2,'231768267','preguntas/pregunta_231768267.docx',17,68,23,'2025-09-15 22:38:20.518710',1,'A',0),
(613,2,'231768268','preguntas/pregunta_231768268.docx',17,68,23,'2025-09-15 22:38:20.750613',1,'A',0),
(614,2,'231768269','preguntas/pregunta_231768269.docx',17,68,23,'2025-09-15 22:38:21.030877',1,'A',0),
(615,2,'231768270','preguntas/pregunta_231768270.docx',17,68,23,'2025-09-15 22:38:21.232426',1,'A',0),
(616,2,'231768271','preguntas/pregunta_231768271.docx',17,68,23,'2025-09-15 22:38:21.432847',1,'A',0),
(617,2,'16126921','preguntas/pregunta_16126921.docx',12,69,16,'2025-09-15 22:52:23.763942',1,'A',0),
(618,2,'16126922','preguntas/pregunta_16126922.docx',12,69,16,'2025-09-15 22:52:24.002543',1,'A',0),
(619,2,'16126923','preguntas/pregunta_16126923.docx',12,69,16,'2025-09-15 22:52:24.195844',1,'A',0),
(620,2,'16126924','preguntas/pregunta_16126924.docx',12,69,16,'2025-09-15 22:52:24.388235',1,'A',0),
(621,2,'16126925','preguntas/pregunta_16126925.docx',12,69,16,'2025-09-15 22:52:24.561834',1,'A',0),
(622,2,'16126926','preguntas/pregunta_16126926.docx',12,69,16,'2025-09-15 22:52:24.776644',1,'A',0),
(623,2,'16126927','preguntas/pregunta_16126927.docx',12,69,16,'2025-09-15 22:52:25.041313',1,'A',0),
(624,2,'16126928','preguntas/pregunta_16126928.docx',12,69,16,'2025-09-15 22:52:25.230456',1,'A',0),
(625,2,'16126929','preguntas/pregunta_16126929.docx',12,69,16,'2025-09-15 22:52:25.493894',1,'A',0),
(626,2,'161269210','preguntas/pregunta_161269210.docx',12,69,16,'2025-09-15 22:52:25.692358',1,'A',0),
(627,2,'161269211','preguntas/pregunta_161269211.docx',12,69,16,'2025-09-15 22:52:25.943784',1,'A',0),
(628,2,'161269212','preguntas/pregunta_161269212.docx',12,69,16,'2025-09-15 22:52:26.249685',1,'A',0),
(629,2,'161269213','preguntas/pregunta_161269213.docx',12,69,16,'2025-09-15 22:52:26.485567',1,'A',0),
(630,2,'161269214','preguntas/pregunta_161269214.docx',12,69,16,'2025-09-15 22:52:26.777728',1,'A',0),
(631,2,'161269215','preguntas/pregunta_161269215.docx',12,69,16,'2025-09-15 22:52:27.051431',1,'A',0),
(632,2,'161269216','preguntas/pregunta_161269216.docx',12,69,16,'2025-09-15 22:52:27.328714',1,'A',0),
(633,2,'161269217','preguntas/pregunta_161269217.docx',12,69,16,'2025-09-15 22:52:27.724280',1,'A',0),
(634,2,'161269218','preguntas/pregunta_161269218.docx',12,69,16,'2025-09-15 22:52:27.944137',1,'A',0),
(635,2,'161269219','preguntas/pregunta_161269219.docx',12,69,16,'2025-09-15 22:52:28.149911',1,'A',0),
(636,2,'161269220','preguntas/pregunta_161269220.docx',12,69,16,'2025-09-15 22:52:28.421249',1,'A',0),
(637,2,'161269221','preguntas/pregunta_161269221.docx',12,69,16,'2025-09-15 22:52:28.598157',1,'A',0),
(638,2,'161269222','preguntas/pregunta_161269222.docx',12,69,16,'2025-09-15 22:52:28.799511',1,'A',0),
(639,2,'161269223','preguntas/pregunta_161269223.docx',12,69,16,'2025-09-15 22:52:29.030855',1,'A',0),
(640,2,'161269224','preguntas/pregunta_161269224.docx',12,69,16,'2025-09-15 22:52:29.238798',1,'A',0),
(641,2,'161269225','preguntas/pregunta_161269225.docx',12,69,16,'2025-09-15 22:52:29.450518',1,'A',0),
(642,2,'161269226','preguntas/pregunta_161269226.docx',12,69,16,'2025-09-15 22:52:29.729770',1,'A',0),
(643,2,'161269227','preguntas/pregunta_161269227.docx',12,69,16,'2025-09-15 22:52:29.951591',1,'A',0),
(644,2,'161269228','preguntas/pregunta_161269228.docx',12,69,16,'2025-09-15 22:52:30.168801',1,'A',0),
(645,2,'161269229','preguntas/pregunta_161269229.docx',12,69,16,'2025-09-15 22:52:30.360988',1,'A',0),
(646,2,'161269230','preguntas/pregunta_161269230.docx',12,69,16,'2025-09-15 22:52:30.576979',1,'A',0),
(647,2,'161269231','preguntas/pregunta_161269231.docx',12,69,16,'2025-09-15 22:52:30.821873',1,'A',0),
(648,2,'161269232','preguntas/pregunta_161269232.docx',12,69,16,'2025-09-15 22:52:31.092355',1,'A',0),
(649,2,'161269233','preguntas/pregunta_161269233.docx',12,69,16,'2025-09-15 22:52:31.331227',1,'A',0),
(650,2,'161269234','preguntas/pregunta_161269234.docx',12,69,16,'2025-09-15 22:52:31.535436',1,'A',0),
(651,2,'161269235','preguntas/pregunta_161269235.docx',12,69,16,'2025-09-15 22:52:31.761559',1,'A',0),
(652,2,'161269236','preguntas/pregunta_161269236.docx',12,69,16,'2025-09-15 22:52:31.997591',1,'A',0),
(653,2,'23167021','preguntas/pregunta_23167021.docx',16,70,23,'2025-09-15 23:22:38.281504',1,'A',0),
(654,2,'23167022','preguntas/pregunta_23167022.docx',16,70,23,'2025-09-15 23:22:38.509015',1,'A',0),
(655,2,'23167023','preguntas/pregunta_23167023.docx',16,70,23,'2025-09-15 23:22:38.680623',1,'A',0),
(656,2,'23167024','preguntas/pregunta_23167024.docx',16,70,23,'2025-09-15 23:22:38.878472',1,'A',0),
(657,2,'23167025','preguntas/pregunta_23167025.docx',16,70,23,'2025-09-15 23:22:39.115543',1,'A',0),
(658,2,'23167026','preguntas/pregunta_23167026.docx',16,70,23,'2025-09-15 23:22:39.308649',1,'A',0),
(659,2,'23167027','preguntas/pregunta_23167027.docx',16,70,23,'2025-09-15 23:22:39.583923',1,'A',0),
(660,2,'23167028','preguntas/pregunta_23167028.docx',16,70,23,'2025-09-15 23:22:39.786546',1,'A',0),
(661,2,'23167029','preguntas/pregunta_23167029.docx',16,70,23,'2025-09-15 23:22:39.992362',1,'A',0),
(662,2,'231670210','preguntas/pregunta_231670210.docx',16,70,23,'2025-09-15 23:22:40.266003',1,'A',0),
(663,2,'231670211','preguntas/pregunta_231670211.docx',16,70,23,'2025-09-15 23:22:40.461966',1,'A',0),
(664,2,'231670212','preguntas/pregunta_231670212.docx',16,70,23,'2025-09-15 23:22:40.663757',1,'A',0),
(665,2,'231670213','preguntas/pregunta_231670213.docx',16,70,23,'2025-09-15 23:22:41.003367',1,'A',0),
(666,2,'231670214','preguntas/pregunta_231670214.docx',16,70,23,'2025-09-15 23:22:41.209052',1,'A',0),
(667,2,'231670215','preguntas/pregunta_231670215.docx',16,70,23,'2025-09-15 23:22:41.373942',1,'A',0),
(668,2,'231670216','preguntas/pregunta_231670216.docx',16,70,23,'2025-09-15 23:22:41.619955',1,'A',0),
(669,2,'231670217','preguntas/pregunta_231670217.docx',16,70,23,'2025-09-15 23:22:41.837694',1,'A',0),
(670,2,'231670218','preguntas/pregunta_231670218.docx',16,70,23,'2025-09-15 23:22:42.121518',1,'A',0),
(671,2,'231670219','preguntas/pregunta_231670219.docx',16,70,23,'2025-09-15 23:22:42.363831',1,'A',0),
(672,2,'231670220','preguntas/pregunta_231670220.docx',16,70,23,'2025-09-15 23:22:42.538672',1,'A',0),
(673,2,'231670221','preguntas/pregunta_231670221.docx',16,70,23,'2025-09-15 23:22:42.741419',1,'A',0),
(674,2,'231670222','preguntas/pregunta_231670222.docx',16,70,23,'2025-09-15 23:22:42.965268',1,'A',0),
(675,2,'231670223','preguntas/pregunta_231670223.docx',16,70,23,'2025-09-15 23:22:43.176717',1,'A',0),
(676,2,'231670224','preguntas/pregunta_231670224.docx',16,70,23,'2025-09-15 23:22:43.364151',1,'A',0),
(677,2,'231670225','preguntas/pregunta_231670225.docx',16,70,23,'2025-09-15 23:22:43.598859',1,'A',0),
(678,2,'231670226','preguntas/pregunta_231670226.docx',16,70,23,'2025-09-15 23:22:43.819036',1,'A',0),
(679,2,'231670227','preguntas/pregunta_231670227.docx',16,70,23,'2025-09-15 23:22:44.036887',1,'A',0),
(680,2,'231670228','preguntas/pregunta_231670228.docx',16,70,23,'2025-09-15 23:22:44.273798',1,'A',0),
(681,2,'231670229','preguntas/pregunta_231670229.docx',16,70,23,'2025-09-15 23:22:44.433508',1,'A',0),
(682,2,'231670230','preguntas/pregunta_231670230.docx',16,70,23,'2025-09-15 23:22:44.642123',1,'A',0),
(683,2,'231670231','preguntas/pregunta_231670231.docx',16,70,23,'2025-09-15 23:22:44.839023',1,'A',0),
(684,2,'231670232','preguntas/pregunta_231670232.docx',16,70,23,'2025-09-15 23:22:45.051631',1,'A',0),
(685,2,'231670233','preguntas/pregunta_231670233.docx',16,70,23,'2025-09-15 23:22:45.255617',1,'A',0),
(686,2,'231670234','preguntas/pregunta_231670234.docx',16,70,23,'2025-09-15 23:22:45.499988',1,'A',0),
(687,2,'231670235','preguntas/pregunta_231670235.docx',16,70,23,'2025-09-15 23:22:45.691083',1,'A',0),
(688,2,'231670236','preguntas/pregunta_231670236.docx',16,70,23,'2025-09-15 23:22:45.930662',1,'A',0),
(689,2,'231670237','preguntas/pregunta_231670237.docx',16,70,23,'2025-09-15 23:22:46.212858',1,'A',0),
(690,2,'231670238','preguntas/pregunta_231670238.docx',16,70,23,'2025-09-15 23:22:46.448505',1,'A',0),
(691,2,'231670239','preguntas/pregunta_231670239.docx',16,70,23,'2025-09-15 23:22:46.708990',1,'A',0),
(692,2,'231670240','preguntas/pregunta_231670240.docx',16,70,23,'2025-09-15 23:22:47.030618',1,'A',0),
(693,2,'231670241','preguntas/pregunta_231670241.docx',16,70,23,'2025-09-15 23:22:47.264616',1,'A',0),
(694,2,'231670242','preguntas/pregunta_231670242.docx',16,70,23,'2025-09-15 23:22:47.514314',1,'A',0),
(695,2,'231670243','preguntas/pregunta_231670243.docx',16,70,23,'2025-09-15 23:22:47.806796',1,'A',0),
(696,2,'231670244','preguntas/pregunta_231670244.docx',16,70,23,'2025-09-15 23:22:48.046621',1,'A',0),
(697,2,'231670245','preguntas/pregunta_231670245.docx',16,70,23,'2025-09-15 23:22:48.257467',1,'A',0),
(698,2,'231670246','preguntas/pregunta_231670246.docx',16,70,23,'2025-09-15 23:22:48.486597',1,'A',0),
(699,2,'231670247','preguntas/pregunta_231670247.docx',16,70,23,'2025-09-15 23:22:48.733245',1,'A',0),
(700,2,'231670248','preguntas/pregunta_231670248.docx',16,70,23,'2025-09-15 23:22:48.938331',1,'A',0),
(701,2,'231670249','preguntas/pregunta_231670249.docx',16,70,23,'2025-09-15 23:22:49.390828',1,'A',0),
(702,2,'231670250','preguntas/pregunta_231670250.docx',16,70,23,'2025-09-15 23:22:49.597305',1,'A',0),
(703,2,'231670251','preguntas/pregunta_231670251.docx',16,70,23,'2025-09-15 23:22:49.840557',1,'A',0),
(704,2,'231670252','preguntas/pregunta_231670252.docx',16,70,23,'2025-09-15 23:22:50.094802',1,'A',0),
(705,2,'231670253','preguntas/pregunta_231670253.docx',16,70,23,'2025-09-15 23:22:50.309300',1,'A',0),
(706,2,'231670254','preguntas/pregunta_231670254.docx',16,70,23,'2025-09-15 23:22:50.532813',1,'A',0),
(707,2,'231670255','preguntas/pregunta_231670255.docx',16,70,23,'2025-09-15 23:22:50.700533',1,'A',0),
(708,2,'231670256','preguntas/pregunta_231670256.docx',16,70,23,'2025-09-15 23:22:50.846322',1,'A',0),
(709,2,'231670257','preguntas/pregunta_231670257.docx',16,70,23,'2025-09-15 23:22:51.066324',1,'A',0),
(710,2,'16147121','preguntas/pregunta_16147121.docx',14,71,16,'2025-09-16 00:38:56.164755',1,'A',0),
(711,2,'16147122','preguntas/pregunta_16147122.docx',14,71,16,'2025-09-16 00:38:56.355021',1,'A',0),
(712,2,'16147123','preguntas/pregunta_16147123.docx',14,71,16,'2025-09-16 00:38:56.538288',1,'A',0),
(713,2,'16147124','preguntas/pregunta_16147124.docx',14,71,16,'2025-09-16 00:38:56.786886',1,'A',0),
(714,2,'16147125','preguntas/pregunta_16147125.docx',14,71,16,'2025-09-16 00:38:57.016634',1,'A',0),
(715,2,'16147126','preguntas/pregunta_16147126.docx',14,71,16,'2025-09-16 00:38:57.182567',1,'A',0),
(716,2,'16147127','preguntas/pregunta_16147127.docx',14,71,16,'2025-09-16 00:38:57.437071',1,'A',0),
(717,2,'16147128','preguntas/pregunta_16147128.docx',14,71,16,'2025-09-16 00:38:57.643782',1,'A',0),
(718,2,'16147129','preguntas/pregunta_16147129.docx',14,71,16,'2025-09-16 00:38:57.870459',1,'A',0),
(719,2,'161471210','preguntas/pregunta_161471210.docx',14,71,16,'2025-09-16 00:38:58.128898',1,'A',0),
(720,2,'161471211','preguntas/pregunta_161471211.docx',14,71,16,'2025-09-16 00:38:58.341064',1,'A',0),
(721,2,'161471212','preguntas/pregunta_161471212.docx',14,71,16,'2025-09-16 00:38:58.545512',1,'A',0),
(722,2,'161471213','preguntas/pregunta_161471213.docx',14,71,16,'2025-09-16 00:38:58.812770',1,'A',0),
(723,2,'161471214','preguntas/pregunta_161471214.docx',14,71,16,'2025-09-16 00:38:59.036975',1,'A',0),
(724,2,'161471215','preguntas/pregunta_161471215.docx',14,71,16,'2025-09-16 00:38:59.253023',1,'A',0),
(725,2,'161471216','preguntas/pregunta_161471216.docx',14,71,16,'2025-09-16 00:38:59.490346',1,'A',0),
(726,2,'161471217','preguntas/pregunta_161471217.docx',14,71,16,'2025-09-16 00:38:59.691842',1,'A',0),
(727,2,'161471218','preguntas/pregunta_161471218.docx',14,71,16,'2025-09-16 00:38:59.908924',1,'A',0),
(728,2,'161471219','preguntas/pregunta_161471219.docx',14,71,16,'2025-09-16 00:39:00.319864',1,'A',0),
(729,2,'161471220','preguntas/pregunta_161471220.docx',14,71,16,'2025-09-16 00:39:00.553033',1,'A',0),
(730,2,'161471221','preguntas/pregunta_161471221.docx',14,71,16,'2025-09-16 00:39:00.787311',1,'A',0),
(731,2,'161471222','preguntas/pregunta_161471222.docx',14,71,16,'2025-09-16 00:39:01.091305',1,'A',0),
(732,2,'161471223','preguntas/pregunta_161471223.docx',14,71,16,'2025-09-16 00:39:01.352813',1,'A',0),
(733,2,'161471224','preguntas/pregunta_161471224.docx',14,71,16,'2025-09-16 00:39:01.747118',1,'A',0),
(734,2,'161471225','preguntas/pregunta_161471225.docx',14,71,16,'2025-09-16 00:39:02.465853',1,'A',0),
(735,2,'161471226','preguntas/pregunta_161471226.docx',14,71,16,'2025-09-16 00:39:02.882967',1,'A',0),
(736,2,'161471227','preguntas/pregunta_161471227.docx',14,71,16,'2025-09-16 00:39:03.196162',1,'A',0),
(737,2,'161471228','preguntas/pregunta_161471228.docx',14,71,16,'2025-09-16 00:39:03.467636',1,'A',0),
(738,2,'161471229','preguntas/pregunta_161471229.docx',14,71,16,'2025-09-16 00:39:03.815820',1,'A',0),
(739,2,'161471230','preguntas/pregunta_161471230.docx',14,71,16,'2025-09-16 00:39:04.139725',1,'A',0),
(740,2,'161471231','preguntas/pregunta_161471231.docx',14,71,16,'2025-09-16 00:39:04.631806',1,'A',0),
(741,2,'161471232','preguntas/pregunta_161471232.docx',14,71,16,'2025-09-16 00:39:05.238100',1,'A',0),
(742,2,'161471233','preguntas/pregunta_161471233.docx',14,71,16,'2025-09-16 00:39:05.597023',1,'A',0),
(743,2,'161471234','preguntas/pregunta_161471234.docx',14,71,16,'2025-09-16 00:39:06.085465',1,'A',0),
(744,2,'161471235','preguntas/pregunta_161471235.docx',14,71,16,'2025-09-16 00:39:06.335332',1,'A',0),
(745,2,'161471236','preguntas/pregunta_161471236.docx',14,71,16,'2025-09-16 00:39:06.575075',1,'A',0),
(746,2,'161471237','preguntas/pregunta_161471237.docx',14,71,16,'2025-09-16 00:39:06.905295',1,'A',0),
(747,2,'161471238','preguntas/pregunta_161471238.docx',14,71,16,'2025-09-16 00:39:07.139948',1,'A',0),
(748,2,'161471239','preguntas/pregunta_161471239.docx',14,71,16,'2025-09-16 00:39:07.434149',1,'A',0),
(749,2,'161471240','preguntas/pregunta_161471240.docx',14,71,16,'2025-09-16 00:39:07.800770',1,'A',0),
(750,2,'161471241','preguntas/pregunta_161471241.docx',14,71,16,'2025-09-16 00:39:08.093320',1,'A',0),
(751,2,'161471242','preguntas/pregunta_161471242.docx',14,71,16,'2025-09-16 00:39:08.356704',1,'A',0),
(752,2,'161471243','preguntas/pregunta_161471243.docx',14,71,16,'2025-09-16 00:39:08.625569',1,'A',0),
(753,2,'161471244','preguntas/pregunta_161471244.docx',14,71,16,'2025-09-16 00:39:08.840906',1,'A',0),
(754,2,'161471245','preguntas/pregunta_161471245.docx',14,71,16,'2025-09-16 00:39:09.070158',1,'A',0),
(755,2,'161471246','preguntas/pregunta_161471246.docx',14,71,16,'2025-09-16 00:39:09.340752',1,'A',0),
(756,2,'161471247','preguntas/pregunta_161471247.docx',14,71,16,'2025-09-16 00:39:09.562222',1,'A',0),
(757,2,'161471248','preguntas/pregunta_161471248.docx',14,71,16,'2025-09-16 00:39:09.801120',1,'A',0),
(758,2,'161471249','preguntas/pregunta_161471249.docx',14,71,16,'2025-09-16 00:39:10.077979',1,'A',0),
(759,2,'161471250','preguntas/pregunta_161471250.docx',14,71,16,'2025-09-16 00:39:10.307245',1,'A',0),
(760,2,'161471251','preguntas/pregunta_161471251.docx',14,71,16,'2025-09-16 00:39:10.565715',1,'A',0),
(761,2,'161471252','preguntas/pregunta_161471252.docx',14,71,16,'2025-09-16 00:39:10.892488',1,'A',0),
(762,2,'161471253','preguntas/pregunta_161471253.docx',14,71,16,'2025-09-16 00:39:11.159296',1,'A',0),
(763,2,'161471254','preguntas/pregunta_161471254.docx',14,71,16,'2025-09-16 00:39:11.396573',1,'A',0),
(764,2,'161471255','preguntas/pregunta_161471255.docx',14,71,16,'2025-09-16 00:39:11.904159',1,'A',0),
(765,2,'161471256','preguntas/pregunta_161471256.docx',14,71,16,'2025-09-16 00:39:12.143301',1,'A',0),
(766,2,'161471257','preguntas/pregunta_161471257.docx',14,71,16,'2025-09-16 00:39:12.419876',1,'A',0),
(767,2,'161471258','preguntas/pregunta_161471258.docx',14,71,16,'2025-09-16 00:39:12.708521',1,'A',0),
(768,2,'161471259','preguntas/pregunta_161471259.docx',14,71,16,'2025-09-16 00:39:12.963053',1,'A',0),
(769,2,'161471260','preguntas/pregunta_161471260.docx',14,71,16,'2025-09-16 00:39:13.255595',1,'A',0),
(770,2,'161471261','preguntas/pregunta_161471261.docx',14,71,16,'2025-09-16 00:39:13.541719',1,'A',0),
(771,2,'161471262','preguntas/pregunta_161471262.docx',14,71,16,'2025-09-16 00:39:13.749773',1,'A',0),
(772,2,'161471263','preguntas/pregunta_161471263.docx',14,71,16,'2025-09-16 00:39:14.010499',1,'A',0),
(773,2,'161471264','preguntas/pregunta_161471264.docx',14,71,16,'2025-09-16 00:39:14.279028',1,'A',0),
(774,2,'161471265','preguntas/pregunta_161471265.docx',14,71,16,'2025-09-16 00:39:14.469033',1,'A',0),
(775,2,'161471266','preguntas/pregunta_161471266.docx',14,71,16,'2025-09-16 00:39:14.644673',1,'A',0),
(776,2,'161471267','preguntas/pregunta_161471267.docx',14,71,16,'2025-09-16 00:39:14.877303',1,'A',0),
(777,2,'161471268','preguntas/pregunta_161471268.docx',14,71,16,'2025-09-16 00:39:15.117055',1,'A',0),
(778,2,'161471269','preguntas/pregunta_161471269.docx',14,71,16,'2025-09-16 00:39:15.334893',1,'A',0),
(779,2,'161471270','preguntas/pregunta_161471270.docx',14,71,16,'2025-09-16 00:39:15.581737',1,'A',0),
(780,2,'161471271','preguntas/pregunta_161471271.docx',14,71,16,'2025-09-16 00:39:15.796259',1,'A',0),
(781,2,'161471272','preguntas/pregunta_161471272.docx',14,71,16,'2025-09-16 00:39:16.035785',1,'A',0),
(782,2,'161471273','preguntas/pregunta_161471273.docx',14,71,16,'2025-09-16 00:39:16.297732',1,'A',0),
(783,2,'161471274','preguntas/pregunta_161471274.docx',14,71,16,'2025-09-16 00:39:16.532451',1,'A',0),
(784,2,'161471275','preguntas/pregunta_161471275.docx',14,71,16,'2025-09-16 00:39:16.767746',1,'A',0),
(785,2,'161471276','preguntas/pregunta_161471276.docx',14,71,16,'2025-09-16 00:39:17.044110',1,'A',0),
(786,2,'161471277','preguntas/pregunta_161471277.docx',14,71,16,'2025-09-16 00:39:17.251914',1,'A',0),
(787,2,'161471278','preguntas/pregunta_161471278.docx',14,71,16,'2025-09-16 00:39:17.491666',1,'A',0),
(867,2,'21147221','preguntas/pregunta_21147221_49QG5y3.docx',14,72,21,'2025-09-16 14:11:17.628839',1,'A',0),
(868,2,'21147222','preguntas/pregunta_21147222_3pY4OCg.docx',14,72,21,'2025-09-16 14:11:17.902172',1,'A',0),
(869,2,'21147223','preguntas/pregunta_21147223_9G8Mb6I.docx',14,72,21,'2025-09-16 14:11:18.185479',1,'A',0),
(870,2,'21147224','preguntas/pregunta_21147224_zv8KU72.docx',14,72,21,'2025-09-16 14:11:18.386575',1,'A',0),
(871,2,'21147225','preguntas/pregunta_21147225_Esc7Jqh.docx',14,72,21,'2025-09-16 14:11:18.575504',1,'A',0),
(872,2,'21147226','preguntas/pregunta_21147226_4nPe45f.docx',14,72,21,'2025-09-16 14:11:18.861816',1,'A',0),
(873,2,'21147227','preguntas/pregunta_21147227_tsVV350.docx',14,72,21,'2025-09-16 14:11:19.030724',1,'A',0),
(874,2,'21147228','preguntas/pregunta_21147228_lFuPVb6.docx',14,72,21,'2025-09-16 14:11:19.210102',1,'A',0),
(875,2,'21147229','preguntas/pregunta_21147229_FlkQoNq.docx',14,72,21,'2025-09-16 14:11:19.454538',1,'A',0),
(876,2,'211472210','preguntas/pregunta_211472210_Bsbfo6t.docx',14,72,21,'2025-09-16 14:11:19.692165',1,'A',0),
(877,2,'211472211','preguntas/pregunta_211472211_nmCWmUH.docx',14,72,21,'2025-09-16 14:11:19.943716',1,'A',0),
(878,2,'211472212','preguntas/pregunta_211472212_AsDSWle.docx',14,72,21,'2025-09-16 14:11:20.148119',1,'A',0),
(879,2,'211472213','preguntas/pregunta_211472213_tSOqfjr.docx',14,72,21,'2025-09-16 14:11:20.311216',1,'A',0),
(880,2,'211472214','preguntas/pregunta_211472214_8JNqVX9.docx',14,72,21,'2025-09-16 14:11:20.555577',1,'A',0),
(881,2,'211472215','preguntas/pregunta_211472215_4chFAgc.docx',14,72,21,'2025-09-16 14:11:20.755225',1,'A',0),
(882,2,'211472216','preguntas/pregunta_211472216_RYb9KuA.docx',14,72,21,'2025-09-16 14:11:21.000719',1,'A',0),
(883,2,'211472217','preguntas/pregunta_211472217_u8gu04z.docx',14,72,21,'2025-09-16 14:11:21.253629',1,'A',0),
(884,2,'211472218','preguntas/pregunta_211472218_HMpPw0J.docx',14,72,21,'2025-09-16 14:11:21.521936',1,'A',0),
(885,2,'211472219','preguntas/pregunta_211472219_d3zSk51.docx',14,72,21,'2025-09-16 14:11:21.751353',1,'A',0),
(886,2,'211472220','preguntas/pregunta_211472220_5aTvTnE.docx',14,72,21,'2025-09-16 14:11:21.983609',1,'A',0),
(887,2,'211472221','preguntas/pregunta_211472221_dnFete3.docx',14,72,21,'2025-09-16 14:11:22.283182',1,'A',0),
(888,2,'211472222','preguntas/pregunta_211472222_OFbWU7l.docx',14,72,21,'2025-09-16 14:11:22.516181',1,'A',0),
(889,2,'211472223','preguntas/pregunta_211472223_wYN3kXG.docx',14,72,21,'2025-09-16 14:11:22.698100',1,'A',0),
(890,2,'211472224','preguntas/pregunta_211472224_OFqWbll.docx',14,72,21,'2025-09-16 14:11:23.135600',1,'A',0),
(891,2,'211472225','preguntas/pregunta_211472225_NdFOVjv.docx',14,72,21,'2025-09-16 14:11:23.362077',1,'A',0),
(892,2,'211472226','preguntas/pregunta_211472226_Insvdwh.docx',14,72,21,'2025-09-16 14:11:23.592072',1,'A',0),
(893,2,'211472227','preguntas/pregunta_211472227_ULvNxH0.docx',14,72,21,'2025-09-16 14:11:23.832163',1,'A',0),
(894,2,'211472228','preguntas/pregunta_211472228_ka5Z2kB.docx',14,72,21,'2025-09-16 14:11:23.998792',1,'A',0),
(895,2,'211472229','preguntas/pregunta_211472229_CXQYMr6.docx',14,72,21,'2025-09-16 14:11:24.248645',1,'A',0),
(896,2,'211472230','preguntas/pregunta_211472230_p2TsZQa.docx',14,72,21,'2025-09-16 14:11:24.516530',1,'A',0),
(897,2,'211472231','preguntas/pregunta_211472231_vetuJs9.docx',14,72,21,'2025-09-16 14:11:24.665277',1,'A',0),
(898,2,'211472232','preguntas/pregunta_211472232_QstrLcx.docx',14,72,21,'2025-09-16 14:11:24.908328',1,'A',0),
(899,2,'211472233','preguntas/pregunta_211472233_RJJ8VjG.docx',14,72,21,'2025-09-16 14:11:25.071726',1,'A',0),
(900,2,'211472234','preguntas/pregunta_211472234_dopzuks.docx',14,72,21,'2025-09-16 14:11:25.295144',1,'A',0),
(901,2,'211472235','preguntas/pregunta_211472235_kFrzkRx.docx',14,72,21,'2025-09-16 14:11:25.563643',1,'A',0),
(902,2,'211472236','preguntas/pregunta_211472236_aGyLvZU.docx',14,72,21,'2025-09-16 14:11:25.832619',1,'A',0),
(903,2,'211472237','preguntas/pregunta_211472237_FYeDXif.docx',14,72,21,'2025-09-16 14:11:26.041310',1,'A',0),
(904,2,'211472238','preguntas/pregunta_211472238_Fk5qn7L.docx',14,72,21,'2025-09-16 14:11:26.281605',1,'A',0),
(905,2,'211472239','preguntas/pregunta_211472239_s7eLcYX.docx',14,72,21,'2025-09-16 14:11:26.524053',1,'A',0),
(906,2,'211472240','preguntas/pregunta_211472240_aaEBZAl.docx',14,72,21,'2025-09-16 14:11:26.740175',1,'A',0),
(907,2,'211472241','preguntas/pregunta_211472241_a4bdRTY.docx',14,72,21,'2025-09-16 14:11:26.966824',1,'A',0),
(908,2,'211472242','preguntas/pregunta_211472242_K0pb8UI.docx',14,72,21,'2025-09-16 14:11:27.232864',1,'A',0),
(909,2,'211472243','preguntas/pregunta_211472243_h7qoQvN.docx',14,72,21,'2025-09-16 14:11:27.375027',1,'A',0),
(910,2,'211472244','preguntas/pregunta_211472244_Djx8DIG.docx',14,72,21,'2025-09-16 14:11:27.616119',1,'A',0),
(911,2,'211472245','preguntas/pregunta_211472245_kf2jmCz.docx',14,72,21,'2025-09-16 14:11:27.904250',1,'A',0),
(912,2,'211472246','preguntas/pregunta_211472246_pQLwdVf.docx',14,72,21,'2025-09-16 14:11:28.157742',1,'A',0),
(913,2,'211472247','preguntas/pregunta_211472247_nVWbX3J.docx',14,72,21,'2025-09-16 14:11:28.342291',1,'A',0),
(914,2,'211472248','preguntas/pregunta_211472248_EbxmKpD.docx',14,72,21,'2025-09-16 14:11:28.618636',1,'A',0),
(915,2,'211472249','preguntas/pregunta_211472249_CJlh2vD.docx',14,72,21,'2025-09-16 14:11:28.856864',1,'A',0),
(916,2,'211472250','preguntas/pregunta_211472250_SPBl31n.docx',14,72,21,'2025-09-16 14:11:29.104984',1,'A',0),
(917,2,'211472251','preguntas/pregunta_211472251_3Jvbjz5.docx',14,72,21,'2025-09-16 14:11:29.348306',1,'A',0),
(918,2,'211472252','preguntas/pregunta_211472252_cpgJwTK.docx',14,72,21,'2025-09-16 14:11:29.612645',1,'A',0),
(919,2,'211472253','preguntas/pregunta_211472253_7vQhDOJ.docx',14,72,21,'2025-09-16 14:11:29.821188',1,'A',0),
(920,2,'211472254','preguntas/pregunta_211472254_NhQNS85.docx',14,72,21,'2025-09-16 14:11:30.098008',1,'A',0),
(921,2,'211472255','preguntas/pregunta_211472255_4A3C7zS.docx',14,72,21,'2025-09-16 14:11:30.336138',1,'A',0),
(922,2,'211472256','preguntas/pregunta_211472256_kPM1dqj.docx',14,72,21,'2025-09-16 14:11:30.543815',1,'A',0),
(923,2,'211472257','preguntas/pregunta_211472257_PoKaXAS.docx',14,72,21,'2025-09-16 14:11:30.804093',1,'A',0),
(924,2,'211472258','preguntas/pregunta_211472258_oGUrekG.docx',14,72,21,'2025-09-16 14:11:31.038731',1,'A',0),
(925,2,'211472259','preguntas/pregunta_211472259_32ktbV0.docx',14,72,21,'2025-09-16 14:11:31.259453',1,'A',0),
(926,2,'211472260','preguntas/pregunta_211472260_bz4uW1F.docx',14,72,21,'2025-09-16 14:11:31.705555',1,'A',0),
(927,2,'211472261','preguntas/pregunta_211472261_god22LY.docx',14,72,21,'2025-09-16 14:11:31.941914',1,'A',0),
(928,2,'211472262','preguntas/pregunta_211472262_ZcEvk7t.docx',14,72,21,'2025-09-16 14:11:32.186290',1,'A',0),
(929,2,'211472263','preguntas/pregunta_211472263_iFm6c6p.docx',14,72,21,'2025-09-16 14:11:32.433729',1,'A',0),
(930,2,'211472264','preguntas/pregunta_211472264_aHncMOJ.docx',14,72,21,'2025-09-16 14:11:32.663976',1,'A',0),
(931,2,'21147321','preguntas/pregunta_21147321_UZQkJHy.docx',14,73,21,'2025-09-16 14:55:05.264179',1,'A',0),
(932,2,'21147322','preguntas/pregunta_21147322.docx',14,73,21,'2025-09-16 14:55:05.552496',1,'A',0),
(933,2,'21147323','preguntas/pregunta_21147323.docx',14,73,21,'2025-09-16 14:55:05.790626',1,'A',0),
(934,2,'21147324','preguntas/pregunta_21147324.docx',14,73,21,'2025-09-16 14:55:06.186754',1,'A',0),
(935,2,'21147325','preguntas/pregunta_21147325.docx',14,73,21,'2025-09-16 14:55:06.491823',1,'A',0),
(936,2,'21147326','preguntas/pregunta_21147326.docx',14,73,21,'2025-09-16 14:55:06.854866',1,'A',0),
(937,2,'21147327','preguntas/pregunta_21147327.docx',14,73,21,'2025-09-16 14:55:07.127189',1,'A',0),
(938,2,'21147328','preguntas/pregunta_21147328.docx',14,73,21,'2025-09-16 14:55:07.416498',1,'A',0),
(939,2,'21147329','preguntas/pregunta_21147329.docx',14,73,21,'2025-09-16 14:55:07.756286',1,'A',0),
(940,2,'211473210','preguntas/pregunta_211473210.docx',14,73,21,'2025-09-16 14:55:08.069883',1,'A',0),
(941,2,'211473211','preguntas/pregunta_211473211.docx',14,73,21,'2025-09-16 14:55:08.323842',1,'A',0),
(942,2,'211473212','preguntas/pregunta_211473212.docx',14,73,21,'2025-09-16 14:55:08.615809',1,'A',0),
(943,2,'211473213','preguntas/pregunta_211473213.docx',14,73,21,'2025-09-16 14:55:09.002135',1,'A',0),
(944,2,'211473214','preguntas/pregunta_211473214.docx',14,73,21,'2025-09-16 14:55:09.213646',1,'A',0),
(945,2,'211473215','preguntas/pregunta_211473215.docx',14,73,21,'2025-09-16 14:55:09.433740',1,'A',0),
(946,2,'211473216','preguntas/pregunta_211473216.docx',14,73,21,'2025-09-16 14:55:09.677840',1,'A',0),
(947,2,'211473217','preguntas/pregunta_211473217.docx',14,73,21,'2025-09-16 14:55:09.941722',1,'A',0),
(948,2,'211473218','preguntas/pregunta_211473218.docx',14,73,21,'2025-09-16 14:55:10.268903',1,'A',0),
(949,2,'211473219','preguntas/pregunta_211473219.docx',14,73,21,'2025-09-16 14:55:10.589661',1,'A',0),
(950,2,'211473220','preguntas/pregunta_211473220.docx',14,73,21,'2025-09-16 14:55:10.797633',1,'A',0),
(951,2,'211473221','preguntas/pregunta_211473221.docx',14,73,21,'2025-09-16 14:55:11.067344',1,'A',0),
(952,2,'211473222','preguntas/pregunta_211473222.docx',14,73,21,'2025-09-16 14:55:11.367592',1,'A',0),
(953,2,'211473223','preguntas/pregunta_211473223.docx',14,73,21,'2025-09-16 14:55:11.587220',1,'A',0),
(954,2,'211473224','preguntas/pregunta_211473224.docx',14,73,21,'2025-09-16 14:55:11.858360',1,'A',0),
(955,2,'211473225','preguntas/pregunta_211473225.docx',14,73,21,'2025-09-16 14:55:12.129909',1,'A',0),
(956,2,'211473226','preguntas/pregunta_211473226.docx',14,73,21,'2025-09-16 14:55:12.346195',1,'A',0),
(957,2,'211473227','preguntas/pregunta_211473227.docx',14,73,21,'2025-09-16 14:55:12.695929',1,'A',0),
(958,2,'211473228','preguntas/pregunta_211473228.docx',14,73,21,'2025-09-16 14:55:13.068088',1,'A',0),
(959,2,'211473229','preguntas/pregunta_211473229.docx',14,73,21,'2025-09-16 14:55:13.372913',1,'A',0),
(960,2,'211473230','preguntas/pregunta_211473230.docx',14,73,21,'2025-09-16 14:55:13.679549',1,'A',0),
(961,2,'211473231','preguntas/pregunta_211473231.docx',14,73,21,'2025-09-16 14:55:13.990857',1,'A',0),
(962,2,'211473232','preguntas/pregunta_211473232.docx',14,73,21,'2025-09-16 14:55:14.184033',1,'A',0),
(963,2,'211473233','preguntas/pregunta_211473233.docx',14,73,21,'2025-09-16 14:55:14.414175',1,'A',0),
(964,2,'211473234','preguntas/pregunta_211473234.docx',14,73,21,'2025-09-16 14:55:14.662437',1,'A',0),
(965,2,'211473235','preguntas/pregunta_211473235.docx',14,73,21,'2025-09-16 14:55:14.861203',1,'A',0),
(966,2,'211473236','preguntas/pregunta_211473236.docx',14,73,21,'2025-09-16 14:55:15.115279',1,'A',0),
(967,2,'211473237','preguntas/pregunta_211473237.docx',14,73,21,'2025-09-16 14:55:15.377803',1,'A',0),
(968,2,'211473238','preguntas/pregunta_211473238.docx',14,73,21,'2025-09-16 14:55:15.686649',1,'A',0),
(969,2,'211473239','preguntas/pregunta_211473239.docx',14,73,21,'2025-09-16 14:55:15.984835',1,'A',0),
(970,2,'211473240','preguntas/pregunta_211473240.docx',14,73,21,'2025-09-16 14:55:16.294649',1,'A',0),
(971,2,'211473241','preguntas/pregunta_211473241.docx',14,73,21,'2025-09-16 14:55:16.501306',1,'A',0),
(972,2,'211473242','preguntas/pregunta_211473242.docx',14,73,21,'2025-09-16 14:55:16.690163',1,'A',0),
(973,2,'211473243','preguntas/pregunta_211473243.docx',14,73,21,'2025-09-16 14:55:16.915054',1,'A',0),
(974,2,'211473244','preguntas/pregunta_211473244.docx',14,73,21,'2025-09-16 14:55:17.118253',1,'A',0),
(975,2,'211473245','preguntas/pregunta_211473245.docx',14,73,21,'2025-09-16 14:55:17.323778',1,'A',0),
(976,2,'211473246','preguntas/pregunta_211473246.docx',14,73,21,'2025-09-16 14:55:17.576948',1,'A',0),
(977,2,'211473247','preguntas/pregunta_211473247.docx',14,73,21,'2025-09-16 14:55:17.838242',1,'A',0),
(978,2,'211473248','preguntas/pregunta_211473248.docx',14,73,21,'2025-09-16 14:55:18.037048',1,'A',0),
(979,2,'211473249','preguntas/pregunta_211473249.docx',14,73,21,'2025-09-16 14:55:18.410668',1,'A',0),
(980,2,'211473250','preguntas/pregunta_211473250.docx',14,73,21,'2025-09-16 14:55:18.557025',1,'A',0),
(981,2,'211473251','preguntas/pregunta_211473251.docx',14,73,21,'2025-09-16 14:55:18.702795',1,'A',0),
(982,2,'211473252','preguntas/pregunta_211473252.docx',14,73,21,'2025-09-16 14:55:18.975597',1,'A',0),
(983,2,'211473253','preguntas/pregunta_211473253.docx',14,73,21,'2025-09-16 14:55:19.172844',1,'A',0),
(984,2,'211473254','preguntas/pregunta_211473254.docx',14,73,21,'2025-09-16 14:55:19.334280',1,'A',0),
(985,2,'211473255','preguntas/pregunta_211473255.docx',14,73,21,'2025-09-16 14:55:19.590536',1,'A',0),
(986,2,'211473256','preguntas/pregunta_211473256.docx',14,73,21,'2025-09-16 14:55:19.840913',1,'A',0),
(987,2,'211473257','preguntas/pregunta_211473257.docx',14,73,21,'2025-09-16 14:55:20.054706',1,'A',0),
(988,2,'211473258','preguntas/pregunta_211473258.docx',14,73,21,'2025-09-16 14:55:20.318547',1,'A',0),
(989,2,'211473259','preguntas/pregunta_211473259.docx',14,73,21,'2025-09-16 14:55:20.523189',1,'A',0),
(990,2,'211473260','preguntas/pregunta_211473260.docx',14,73,21,'2025-09-16 14:55:20.744104',1,'A',0),
(991,2,'21147421','preguntas/pregunta_21147421.docx',14,74,21,'2025-09-16 15:20:09.804632',1,'A',0),
(992,2,'21147422','preguntas/pregunta_21147422.docx',14,74,21,'2025-09-16 15:20:10.119147',1,'A',0),
(993,2,'21147423','preguntas/pregunta_21147423.docx',14,74,21,'2025-09-16 15:20:10.377245',1,'A',0),
(994,2,'21147424','preguntas/pregunta_21147424.docx',14,74,21,'2025-09-16 15:20:10.649760',1,'A',0),
(995,2,'21147425','preguntas/pregunta_21147425.docx',14,74,21,'2025-09-16 15:20:10.875732',1,'A',0),
(996,2,'21147426','preguntas/pregunta_21147426.docx',14,74,21,'2025-09-16 15:20:11.111272',1,'A',0),
(997,2,'21147427','preguntas/pregunta_21147427.docx',14,74,21,'2025-09-16 15:20:11.425007',1,'A',0),
(998,2,'21147428','preguntas/pregunta_21147428.docx',14,74,21,'2025-09-16 15:20:11.651669',1,'A',0),
(999,2,'21147429','preguntas/pregunta_21147429.docx',14,74,21,'2025-09-16 15:20:11.899893',1,'A',0),
(1000,2,'211474210','preguntas/pregunta_211474210.docx',14,74,21,'2025-09-16 15:20:12.203459',1,'A',0),
(1001,2,'211474211','preguntas/pregunta_211474211.docx',14,74,21,'2025-09-16 15:20:12.531361',1,'A',0),
(1002,2,'211474212','preguntas/pregunta_211474212.docx',14,74,21,'2025-09-16 15:20:12.896621',1,'A',0),
(1003,2,'211474213','preguntas/pregunta_211474213.docx',14,74,21,'2025-09-16 15:20:13.193244',1,'A',0),
(1004,2,'211474214','preguntas/pregunta_211474214.docx',14,74,21,'2025-09-16 15:20:13.446018',1,'A',0),
(1005,2,'211474215','preguntas/pregunta_211474215.docx',14,74,21,'2025-09-16 15:20:13.693667',1,'A',0),
(1006,2,'211474216','preguntas/pregunta_211474216.docx',14,74,21,'2025-09-16 15:20:13.932632',1,'A',0),
(1007,2,'211474217','preguntas/pregunta_211474217.docx',14,74,21,'2025-09-16 15:20:14.176192',1,'A',0),
(1008,2,'211474218','preguntas/pregunta_211474218.docx',14,74,21,'2025-09-16 15:20:14.415975',1,'A',0),
(1009,2,'211474219','preguntas/pregunta_211474219.docx',14,74,21,'2025-09-16 15:20:14.707835',1,'A',0),
(1010,2,'211474220','preguntas/pregunta_211474220.docx',14,74,21,'2025-09-16 15:20:14.983635',1,'A',0),
(1011,2,'211474221','preguntas/pregunta_211474221.docx',14,74,21,'2025-09-16 15:20:15.221567',1,'A',0),
(1012,2,'211474222','preguntas/pregunta_211474222.docx',14,74,21,'2025-09-16 15:20:15.472810',1,'A',0),
(1013,2,'211474223','preguntas/pregunta_211474223.docx',14,74,21,'2025-09-16 15:20:15.709987',1,'A',0),
(1014,2,'211474224','preguntas/pregunta_211474224.docx',14,74,21,'2025-09-16 15:20:16.031160',1,'A',0),
(1015,2,'211474225','preguntas/pregunta_211474225.docx',14,74,21,'2025-09-16 15:20:16.319408',1,'A',0),
(1016,2,'211474226','preguntas/pregunta_211474226.docx',14,74,21,'2025-09-16 15:20:16.552685',1,'A',0),
(1017,2,'211474227','preguntas/pregunta_211474227.docx',14,74,21,'2025-09-16 15:20:16.806893',1,'A',0),
(1018,2,'211474228','preguntas/pregunta_211474228.docx',14,74,21,'2025-09-16 15:20:17.081891',1,'A',0),
(1019,2,'211474229','preguntas/pregunta_211474229.docx',14,74,21,'2025-09-16 15:20:17.383662',1,'A',0),
(1020,2,'211474230','preguntas/pregunta_211474230.docx',14,74,21,'2025-09-16 15:20:17.624958',1,'A',0),
(1021,2,'211474231','preguntas/pregunta_211474231.docx',14,74,21,'2025-09-16 15:20:18.117765',1,'A',0),
(1022,2,'211474232','preguntas/pregunta_211474232.docx',14,74,21,'2025-09-16 15:20:18.352230',1,'A',0),
(1023,2,'211474233','preguntas/pregunta_211474233.docx',14,74,21,'2025-09-16 15:20:18.669964',1,'A',0),
(1024,2,'211474234','preguntas/pregunta_211474234.docx',14,74,21,'2025-09-16 15:20:18.948002',1,'A',0),
(1025,2,'211474235','preguntas/pregunta_211474235.docx',14,74,21,'2025-09-16 15:20:19.183010',1,'A',0),
(1026,2,'211474236','preguntas/pregunta_211474236.docx',14,74,21,'2025-09-16 15:20:19.391082',1,'A',0),
(1027,2,'211474237','preguntas/pregunta_211474237.docx',14,74,21,'2025-09-16 15:20:19.620741',1,'A',0),
(1028,2,'211474238','preguntas/pregunta_211474238.docx',14,74,21,'2025-09-16 15:20:19.867708',1,'A',0),
(1029,2,'211474239','preguntas/pregunta_211474239.docx',14,74,21,'2025-09-16 15:20:20.092061',1,'A',0),
(1030,2,'211474240','preguntas/pregunta_211474240.docx',14,74,21,'2025-09-16 15:20:20.394084',1,'A',0),
(1031,2,'211474241','preguntas/pregunta_211474241.docx',14,74,21,'2025-09-16 15:20:20.713496',1,'A',0),
(1032,2,'211474242','preguntas/pregunta_211474242.docx',14,74,21,'2025-09-16 15:20:20.985831',1,'A',0),
(1033,2,'211474243','preguntas/pregunta_211474243.docx',14,74,21,'2025-09-16 15:20:21.201122',1,'A',0),
(1034,2,'211474244','preguntas/pregunta_211474244.docx',14,74,21,'2025-09-16 15:20:21.423171',1,'A',0),
(1035,2,'211474245','preguntas/pregunta_211474245.docx',14,74,21,'2025-09-16 15:20:21.681350',1,'A',0),
(1036,2,'211474246','preguntas/pregunta_211474246.docx',14,74,21,'2025-09-16 15:20:21.989084',1,'A',0),
(1037,2,'211474247','preguntas/pregunta_211474247.docx',14,74,21,'2025-09-16 15:20:22.293206',1,'A',0),
(1038,2,'211474248','preguntas/pregunta_211474248.docx',14,74,21,'2025-09-16 15:20:22.548005',1,'A',0),
(1039,2,'211474249','preguntas/pregunta_211474249.docx',14,74,21,'2025-09-16 15:20:22.807863',1,'A',0),
(1040,2,'211474250','preguntas/pregunta_211474250.docx',14,74,21,'2025-09-16 15:20:23.019033',1,'A',0),
(1041,2,'211474251','preguntas/pregunta_211474251.docx',14,74,21,'2025-09-16 15:20:23.312803',1,'A',0),
(1042,2,'211474252','preguntas/pregunta_211474252.docx',14,74,21,'2025-09-16 15:20:23.550951',1,'A',0),
(1043,2,'211474253','preguntas/pregunta_211474253.docx',14,74,21,'2025-09-16 15:20:23.956896',1,'A',0),
(1044,2,'211474254','preguntas/pregunta_211474254.docx',14,74,21,'2025-09-16 15:20:24.200214',1,'A',0),
(1045,2,'211474255','preguntas/pregunta_211474255.docx',14,74,21,'2025-09-16 15:20:24.435528',1,'A',0),
(1046,2,'211474256','preguntas/pregunta_211474256.docx',14,74,21,'2025-09-16 15:20:24.628655',1,'A',0),
(1047,2,'211474257','preguntas/pregunta_211474257.docx',14,74,21,'2025-09-16 15:20:24.837992',1,'A',0),
(1048,2,'211474258','preguntas/pregunta_211474258.docx',14,74,21,'2025-09-16 15:20:25.064529',1,'A',0),
(1049,2,'21147521','preguntas/pregunta_21147521.docx',14,75,21,'2025-09-16 15:41:48.704317',1,'A',0),
(1050,2,'21147522','preguntas/pregunta_21147522.docx',14,75,21,'2025-09-16 15:41:48.892728',1,'A',0),
(1051,2,'21147523','preguntas/pregunta_21147523.docx',14,75,21,'2025-09-16 15:41:49.094051',1,'A',0),
(1052,2,'21147524','preguntas/pregunta_21147524.docx',14,75,21,'2025-09-16 15:41:49.320343',1,'A',0),
(1053,2,'21147525','preguntas/pregunta_21147525.docx',14,75,21,'2025-09-16 15:41:49.527532',1,'A',0),
(1054,2,'21147526','preguntas/pregunta_21147526.docx',14,75,21,'2025-09-16 15:41:49.783829',1,'A',0),
(1055,2,'21147527','preguntas/pregunta_21147527.docx',14,75,21,'2025-09-16 15:41:50.063721',1,'A',0),
(1056,2,'21147528','preguntas/pregunta_21147528.docx',14,75,21,'2025-09-16 15:41:50.286336',1,'A',0),
(1057,2,'21147529','preguntas/pregunta_21147529.docx',14,75,21,'2025-09-16 15:41:50.504177',1,'A',0),
(1058,2,'211475210','preguntas/pregunta_211475210.docx',14,75,21,'2025-09-16 15:41:50.801628',1,'A',0),
(1059,2,'211475211','preguntas/pregunta_211475211.docx',14,75,21,'2025-09-16 15:41:51.011550',1,'A',0),
(1060,2,'211475212','preguntas/pregunta_211475212.docx',14,75,21,'2025-09-16 15:41:51.228463',1,'A',0),
(1061,2,'211475213','preguntas/pregunta_211475213.docx',14,75,21,'2025-09-16 15:41:51.442848',1,'A',0),
(1062,2,'211475214','preguntas/pregunta_211475214.docx',14,75,21,'2025-09-16 15:41:51.656988',1,'A',0),
(1063,2,'211475215','preguntas/pregunta_211475215.docx',14,75,21,'2025-09-16 15:41:51.858967',1,'A',0),
(1064,2,'211475216','preguntas/pregunta_211475216.docx',14,75,21,'2025-09-16 15:41:52.093600',1,'A',0),
(1065,2,'211475217','preguntas/pregunta_211475217.docx',14,75,21,'2025-09-16 15:41:52.277123',1,'A',0),
(1066,2,'211475218','preguntas/pregunta_211475218.docx',14,75,21,'2025-09-16 15:41:52.476909',1,'A',0),
(1067,2,'211475219','preguntas/pregunta_211475219.docx',14,75,21,'2025-09-16 15:41:52.695020',1,'A',0),
(1068,2,'211475220','preguntas/pregunta_211475220.docx',14,75,21,'2025-09-16 15:41:52.918045',1,'A',0),
(1069,2,'211475221','preguntas/pregunta_211475221.docx',14,75,21,'2025-09-16 15:41:53.116605',1,'A',0),
(1070,2,'211475222','preguntas/pregunta_211475222.docx',14,75,21,'2025-09-16 15:41:53.332054',1,'A',0),
(1071,2,'211475223','preguntas/pregunta_211475223.docx',14,75,21,'2025-09-16 15:41:53.549962',1,'A',0),
(1072,2,'211475224','preguntas/pregunta_211475224.docx',14,75,21,'2025-09-16 15:41:53.761900',1,'A',0),
(1073,2,'211475225','preguntas/pregunta_211475225.docx',14,75,21,'2025-09-16 15:41:54.001036',1,'A',0),
(1074,2,'211475226','preguntas/pregunta_211475226.docx',14,75,21,'2025-09-16 15:41:54.219197',1,'A',0),
(1075,2,'211475227','preguntas/pregunta_211475227.docx',14,75,21,'2025-09-16 15:41:54.414818',1,'A',0),
(1076,2,'211475228','preguntas/pregunta_211475228.docx',14,75,21,'2025-09-16 15:41:54.640733',1,'A',0),
(1077,2,'211475229','preguntas/pregunta_211475229.docx',14,75,21,'2025-09-16 15:41:54.860674',1,'A',0),
(1078,2,'211475230','preguntas/pregunta_211475230.docx',14,75,21,'2025-09-16 15:41:55.044331',1,'A',0),
(1079,2,'211475231','preguntas/pregunta_211475231.docx',14,75,21,'2025-09-16 15:41:55.239247',1,'A',0),
(1080,2,'211475232','preguntas/pregunta_211475232.docx',14,75,21,'2025-09-16 15:41:55.458591',1,'A',0),
(1081,2,'211475233','preguntas/pregunta_211475233.docx',14,75,21,'2025-09-16 15:41:55.670659',1,'A',0),
(1082,2,'211475234','preguntas/pregunta_211475234.docx',14,75,21,'2025-09-16 15:41:55.895208',1,'A',0),
(1083,2,'211475235','preguntas/pregunta_211475235.docx',14,75,21,'2025-09-16 15:41:56.117636',1,'A',0),
(1084,2,'211475236','preguntas/pregunta_211475236.docx',14,75,21,'2025-09-16 15:41:56.329035',1,'A',0),
(1085,2,'211475237','preguntas/pregunta_211475237.docx',14,75,21,'2025-09-16 15:41:56.580944',1,'A',0),
(1086,2,'211475238','preguntas/pregunta_211475238.docx',14,75,21,'2025-09-16 15:41:56.785117',1,'A',0),
(1087,2,'211475239','preguntas/pregunta_211475239.docx',14,75,21,'2025-09-16 15:41:57.010958',1,'A',0),
(1088,2,'211475240','preguntas/pregunta_211475240.docx',14,75,21,'2025-09-16 15:41:57.243506',1,'A',0),
(1089,2,'211475241','preguntas/pregunta_211475241.docx',14,75,21,'2025-09-16 15:41:57.446455',1,'A',0),
(1090,2,'211475242','preguntas/pregunta_211475242.docx',14,75,21,'2025-09-16 15:41:57.649062',1,'A',0),
(1091,2,'211475243','preguntas/pregunta_211475243.docx',14,75,21,'2025-09-16 15:41:57.926082',1,'A',0),
(1092,2,'211475244','preguntas/pregunta_211475244.docx',14,75,21,'2025-09-16 15:41:58.133273',1,'A',0),
(1093,2,'211475245','preguntas/pregunta_211475245.docx',14,75,21,'2025-09-16 15:41:58.346366',1,'A',0),
(1094,2,'211475246','preguntas/pregunta_211475246.docx',14,75,21,'2025-09-16 15:41:58.761039',1,'A',0),
(1095,2,'211475247','preguntas/pregunta_211475247.docx',14,75,21,'2025-09-16 15:41:58.927286',1,'A',0),
(1096,2,'211475248','preguntas/pregunta_211475248.docx',14,75,21,'2025-09-16 15:41:59.171298',1,'A',0),
(1097,2,'211475249','preguntas/pregunta_211475249.docx',14,75,21,'2025-09-16 15:41:59.398866',1,'A',0),
(1098,2,'211475250','preguntas/pregunta_211475250.docx',14,75,21,'2025-09-16 15:41:59.634077',1,'A',0),
(1099,2,'211475251','preguntas/pregunta_211475251.docx',14,75,21,'2025-09-16 15:41:59.773330',1,'A',0),
(1100,2,'211475252','preguntas/pregunta_211475252.docx',14,75,21,'2025-09-16 15:41:59.999723',1,'A',0),
(1101,2,'211475253','preguntas/pregunta_211475253.docx',14,75,21,'2025-09-16 15:42:00.218765',1,'A',0),
(1102,2,'211475254','preguntas/pregunta_211475254.docx',14,75,21,'2025-09-16 15:42:00.430613',1,'A',0),
(1103,2,'211475255','preguntas/pregunta_211475255.docx',14,75,21,'2025-09-16 15:42:00.689184',1,'A',0),
(1104,2,'211475256','preguntas/pregunta_211475256.docx',14,75,21,'2025-09-16 15:42:00.912008',1,'A',0),
(1105,2,'211475257','preguntas/pregunta_211475257.docx',14,75,21,'2025-09-16 15:42:01.115249',1,'A',0),
(1106,2,'211475258','preguntas/pregunta_211475258.docx',14,75,21,'2025-09-16 15:42:01.390078',1,'A',0),
(1107,2,'211475259','preguntas/pregunta_211475259.docx',14,75,21,'2025-09-16 15:42:01.607749',1,'A',0),
(1108,2,'211475260','preguntas/pregunta_211475260.docx',14,75,21,'2025-09-16 15:42:01.832852',1,'A',0),
(1109,1,'21147611','preguntas/pregunta_21147611.docx',14,76,21,'2025-09-19 08:26:35.961960',1,'A',0),
(1110,1,'21147612','preguntas/pregunta_21147612.docx',14,76,21,'2025-09-19 08:26:36.173808',1,'A',0),
(1111,1,'21147613','preguntas/pregunta_21147613.docx',14,76,21,'2025-09-19 08:26:36.375627',1,'A',0),
(1112,1,'21147614','preguntas/pregunta_21147614.docx',14,76,21,'2025-09-19 08:26:36.561446',1,'A',0),
(1113,1,'21147615','preguntas/pregunta_21147615.docx',14,76,21,'2025-09-19 08:26:36.740797',1,'A',0),
(1114,1,'21147616','preguntas/pregunta_21147616.docx',14,76,21,'2025-09-19 08:26:36.908150',1,'A',0),
(1115,1,'21147617','preguntas/pregunta_21147617.docx',14,76,21,'2025-09-19 08:26:37.144588',1,'A',0),
(1116,1,'21147618','preguntas/pregunta_21147618.docx',14,76,21,'2025-09-19 08:26:37.333028',1,'A',0),
(1117,1,'21147619','preguntas/pregunta_21147619.docx',14,76,21,'2025-09-19 08:26:37.562326',1,'A',0),
(1118,1,'211476110','preguntas/pregunta_211476110.docx',14,76,21,'2025-09-19 08:26:37.793162',1,'A',0),
(1119,1,'211476111','preguntas/pregunta_211476111.docx',14,76,21,'2025-09-19 08:26:37.989628',1,'A',0),
(1120,1,'211476112','preguntas/pregunta_211476112.docx',14,76,21,'2025-09-19 08:26:38.190361',1,'A',0),
(1121,1,'211476113','preguntas/pregunta_211476113.docx',14,76,21,'2025-09-19 08:26:38.394089',1,'A',0),
(1122,1,'211476114','preguntas/pregunta_211476114.docx',14,76,21,'2025-09-19 08:26:38.570301',1,'A',0),
(1123,1,'211476115','preguntas/pregunta_211476115.docx',14,76,21,'2025-09-19 08:26:38.745703',1,'A',0),
(1124,1,'211476116','preguntas/pregunta_211476116.docx',14,76,21,'2025-09-19 08:26:39.029986',1,'A',0),
(1125,1,'211476117','preguntas/pregunta_211476117.docx',14,76,21,'2025-09-19 08:26:39.181457',1,'A',0),
(1126,1,'211476118','preguntas/pregunta_211476118.docx',14,76,21,'2025-09-19 08:26:39.383918',1,'A',0),
(1127,1,'211476119','preguntas/pregunta_211476119.docx',14,76,21,'2025-09-19 08:26:39.585060',1,'A',0),
(1128,1,'211476120','preguntas/pregunta_211476120.docx',14,76,21,'2025-09-19 08:26:39.787467',1,'A',0),
(1129,1,'211476121','preguntas/pregunta_211476121.docx',14,76,21,'2025-09-19 08:26:39.976753',1,'A',0),
(1130,1,'211476122','preguntas/pregunta_211476122.docx',14,76,21,'2025-09-19 08:26:40.190003',1,'A',0),
(1131,1,'211476123','preguntas/pregunta_211476123.docx',14,76,21,'2025-09-19 08:26:40.385936',1,'A',0),
(1132,1,'211476124','preguntas/pregunta_211476124.docx',14,76,21,'2025-09-19 08:26:40.564202',1,'A',0),
(1133,1,'211476125','preguntas/pregunta_211476125.docx',14,76,21,'2025-09-19 08:26:40.773218',1,'A',0),
(1134,1,'211476126','preguntas/pregunta_211476126.docx',14,76,21,'2025-09-19 08:26:40.969756',1,'A',0),
(1135,1,'211476127','preguntas/pregunta_211476127.docx',14,76,21,'2025-09-19 08:26:41.145307',1,'A',0),
(1136,1,'211476128','preguntas/pregunta_211476128.docx',14,76,21,'2025-09-19 08:26:41.340824',1,'A',0),
(1137,1,'211476129','preguntas/pregunta_211476129.docx',14,76,21,'2025-09-19 08:26:41.504193',1,'A',0),
(1138,1,'211476130','preguntas/pregunta_211476130.docx',14,76,21,'2025-09-19 08:26:41.666982',1,'A',0),
(1139,1,'211476131','preguntas/pregunta_211476131.docx',14,76,21,'2025-09-19 08:26:41.892103',1,'A',0),
(1140,1,'211476132','preguntas/pregunta_211476132.docx',14,76,21,'2025-09-19 08:26:42.086123',1,'A',0),
(1141,1,'211476133','preguntas/pregunta_211476133.docx',14,76,21,'2025-09-19 08:26:42.278532',1,'A',0),
(1142,1,'211476134','preguntas/pregunta_211476134.docx',14,76,21,'2025-09-19 08:26:42.486885',1,'A',0),
(1143,1,'211476135','preguntas/pregunta_211476135.docx',14,76,21,'2025-09-19 08:26:42.660630',1,'A',0),
(1144,1,'211476136','preguntas/pregunta_211476136.docx',14,76,21,'2025-09-19 08:26:42.831106',1,'A',0),
(1145,1,'211476137','preguntas/pregunta_211476137.docx',14,76,21,'2025-09-19 08:26:43.044259',1,'A',0),
(1146,1,'211476138','preguntas/pregunta_211476138.docx',14,76,21,'2025-09-19 08:26:43.228536',1,'A',0),
(1147,1,'211476139','preguntas/pregunta_211476139.docx',14,76,21,'2025-09-19 08:26:43.385743',1,'A',0),
(1148,1,'211476140','preguntas/pregunta_211476140.docx',14,76,21,'2025-09-19 08:26:43.599848',1,'A',0),
(1149,1,'211476141','preguntas/pregunta_211476141.docx',14,76,21,'2025-09-19 08:26:43.794245',1,'A',0),
(1150,1,'211476142','preguntas/pregunta_211476142.docx',14,76,21,'2025-09-19 08:26:43.994605',1,'A',0),
(1151,1,'211476143','preguntas/pregunta_211476143.docx',14,76,21,'2025-09-19 08:26:44.189745',1,'A',0),
(1152,1,'211476144','preguntas/pregunta_211476144.docx',14,76,21,'2025-09-19 08:26:44.384512',1,'A',0),
(1153,1,'211476145','preguntas/pregunta_211476145.docx',14,76,21,'2025-09-19 08:26:44.555861',1,'A',0),
(1154,1,'211476146','preguntas/pregunta_211476146.docx',14,76,21,'2025-09-19 08:26:44.751600',1,'A',0),
(1155,1,'211476147','preguntas/pregunta_211476147.docx',14,76,21,'2025-09-19 08:26:44.925234',1,'A',0),
(1156,1,'211476148','preguntas/pregunta_211476148.docx',14,76,21,'2025-09-19 08:26:45.137918',1,'A',0),
(1157,1,'211476149','preguntas/pregunta_211476149.docx',14,76,21,'2025-09-19 08:26:45.376082',1,'A',0),
(1158,1,'211476150','preguntas/pregunta_211476150.docx',14,76,21,'2025-09-19 08:26:45.553106',1,'A',0),
(1159,1,'211476151','preguntas/pregunta_211476151.docx',14,76,21,'2025-09-19 08:26:45.756778',1,'A',0),
(1160,1,'211476152','preguntas/pregunta_211476152.docx',14,76,21,'2025-09-19 08:26:46.258637',1,'A',0),
(1161,1,'211476153','preguntas/pregunta_211476153.docx',14,76,21,'2025-09-19 08:26:46.464016',1,'A',0),
(1162,1,'211476154','preguntas/pregunta_211476154.docx',14,76,21,'2025-09-19 08:26:46.636264',1,'A',0),
(1163,1,'211476155','preguntas/pregunta_211476155.docx',14,76,21,'2025-09-19 08:26:46.831581',1,'A',0),
(1164,1,'211476156','preguntas/pregunta_211476156.docx',14,76,21,'2025-09-19 08:26:47.000745',1,'A',0),
(1165,1,'211476157','preguntas/pregunta_211476157.docx',14,76,21,'2025-09-19 08:26:47.157784',1,'A',0),
(1166,2,'21147721','preguntas/pregunta_21147721.docx',14,77,21,'2025-09-19 08:30:20.690949',1,'A',0),
(1167,2,'21147722','preguntas/pregunta_21147722.docx',14,77,21,'2025-09-19 08:30:20.928719',1,'A',0),
(1168,2,'21147723','preguntas/pregunta_21147723.docx',14,77,21,'2025-09-19 08:30:21.167535',1,'A',0),
(1169,2,'21147724','preguntas/pregunta_21147724.docx',14,77,21,'2025-09-19 08:30:21.488041',1,'A',0),
(1170,2,'21147725','preguntas/pregunta_21147725.docx',14,77,21,'2025-09-19 08:30:21.716626',1,'A',0),
(1171,2,'21147726','preguntas/pregunta_21147726.docx',14,77,21,'2025-09-19 08:30:21.951844',1,'A',0),
(1172,2,'21147727','preguntas/pregunta_21147727.docx',14,77,21,'2025-09-19 08:30:22.185942',1,'A',0),
(1173,2,'21147728','preguntas/pregunta_21147728.docx',14,77,21,'2025-09-19 08:30:22.418919',1,'A',0),
(1174,2,'21147729','preguntas/pregunta_21147729.docx',14,77,21,'2025-09-19 08:30:22.652444',1,'A',0),
(1175,2,'211477210','preguntas/pregunta_211477210.docx',14,77,21,'2025-09-19 08:30:22.912791',1,'A',0),
(1176,2,'211477211','preguntas/pregunta_211477211.docx',14,77,21,'2025-09-19 08:30:23.111898',1,'A',0),
(1177,2,'211477212','preguntas/pregunta_211477212.docx',14,77,21,'2025-09-19 08:30:23.302030',1,'A',0),
(1178,2,'211477213','preguntas/pregunta_211477213.docx',14,77,21,'2025-09-19 08:30:23.494624',1,'A',0),
(1179,2,'211477214','preguntas/pregunta_211477214.docx',14,77,21,'2025-09-19 08:30:23.745706',1,'A',0),
(1180,2,'211477215','preguntas/pregunta_211477215.docx',14,77,21,'2025-09-19 08:30:24.001961',1,'A',0),
(1181,2,'211477216','preguntas/pregunta_211477216.docx',14,77,21,'2025-09-19 08:30:24.242933',1,'A',0),
(1182,2,'211477217','preguntas/pregunta_211477217.docx',14,77,21,'2025-09-19 08:30:24.423930',1,'A',0),
(1183,2,'211477218','preguntas/pregunta_211477218.docx',14,77,21,'2025-09-19 08:30:24.646651',1,'A',0),
(1184,2,'211477219','preguntas/pregunta_211477219.docx',14,77,21,'2025-09-19 08:30:24.905226',1,'A',0),
(1185,2,'211477220','preguntas/pregunta_211477220.docx',14,77,21,'2025-09-19 08:30:25.110304',1,'A',0),
(1186,2,'211477221','preguntas/pregunta_211477221.docx',14,77,21,'2025-09-19 08:30:25.368871',1,'A',0),
(1187,2,'211477222','preguntas/pregunta_211477222.docx',14,77,21,'2025-09-19 08:30:25.608490',1,'A',0),
(1188,2,'211477223','preguntas/pregunta_211477223.docx',14,77,21,'2025-09-19 08:30:25.831188',1,'A',0),
(1189,2,'211477224','preguntas/pregunta_211477224.docx',14,77,21,'2025-09-19 08:30:26.057821',1,'A',0),
(1190,2,'211477225','preguntas/pregunta_211477225.docx',14,77,21,'2025-09-19 08:30:26.290431',1,'A',0),
(1191,2,'211477226','preguntas/pregunta_211477226.docx',14,77,21,'2025-09-19 08:30:26.499912',1,'A',0),
(1192,2,'211477227','preguntas/pregunta_211477227.docx',14,77,21,'2025-09-19 08:30:26.677461',1,'A',0),
(1193,2,'211477228','preguntas/pregunta_211477228.docx',14,77,21,'2025-09-19 08:30:26.872123',1,'A',0),
(1194,2,'211477229','preguntas/pregunta_211477229.docx',14,77,21,'2025-09-19 08:30:27.109754',1,'A',0),
(1195,2,'211477230','preguntas/pregunta_211477230.docx',14,77,21,'2025-09-19 08:30:27.344010',1,'A',0),
(1196,2,'211477231','preguntas/pregunta_211477231.docx',14,77,21,'2025-09-19 08:30:27.539607',1,'A',0),
(1197,2,'211477232','preguntas/pregunta_211477232.docx',14,77,21,'2025-09-19 08:30:27.712937',1,'A',0),
(1198,2,'211477233','preguntas/pregunta_211477233.docx',14,77,21,'2025-09-19 08:30:27.958660',1,'A',0),
(1199,2,'211477234','preguntas/pregunta_211477234.docx',14,77,21,'2025-09-19 08:30:28.232014',1,'A',0),
(1200,2,'211477235','preguntas/pregunta_211477235.docx',14,77,21,'2025-09-19 08:30:28.409643',1,'A',0),
(1201,2,'211477236','preguntas/pregunta_211477236.docx',14,77,21,'2025-09-19 08:30:28.640898',1,'A',0),
(1202,2,'211477237','preguntas/pregunta_211477237.docx',14,77,21,'2025-09-19 08:30:28.919941',1,'A',0),
(1203,2,'211477238','preguntas/pregunta_211477238.docx',14,77,21,'2025-09-19 08:30:29.194026',1,'A',0),
(1204,2,'211477239','preguntas/pregunta_211477239.docx',14,77,21,'2025-09-19 08:30:29.418063',1,'A',0),
(1205,2,'211477240','preguntas/pregunta_211477240.docx',14,77,21,'2025-09-19 08:30:29.897873',1,'A',0),
(1206,2,'211477241','preguntas/pregunta_211477241.docx',14,77,21,'2025-09-19 08:30:30.097862',1,'A',0),
(1207,2,'211477242','preguntas/pregunta_211477242.docx',14,77,21,'2025-09-19 08:30:30.295885',1,'A',0),
(1208,2,'211477243','preguntas/pregunta_211477243.docx',14,77,21,'2025-09-19 08:30:30.534622',1,'A',0),
(1209,2,'211477244','preguntas/pregunta_211477244.docx',14,77,21,'2025-09-19 08:30:30.768299',1,'A',0),
(1210,2,'211477245','preguntas/pregunta_211477245.docx',14,77,21,'2025-09-19 08:30:31.008276',1,'A',0),
(1211,2,'211477246','preguntas/pregunta_211477246.docx',14,77,21,'2025-09-19 08:30:31.269020',1,'A',0),
(1212,2,'211477247','preguntas/pregunta_211477247.docx',14,77,21,'2025-09-19 08:30:31.498559',1,'A',0),
(1213,2,'211477248','preguntas/pregunta_211477248.docx',14,77,21,'2025-09-19 08:30:31.744015',1,'A',0),
(1214,2,'211477249','preguntas/pregunta_211477249.docx',14,77,21,'2025-09-19 08:30:31.977134',1,'A',0),
(1215,2,'211477250','preguntas/pregunta_211477250.docx',14,77,21,'2025-09-19 08:30:32.181620',1,'A',0),
(1216,2,'211477251','preguntas/pregunta_211477251.docx',14,77,21,'2025-09-19 08:30:32.362749',1,'A',0),
(1217,2,'211477252','preguntas/pregunta_211477252.docx',14,77,21,'2025-09-19 08:30:32.581870',1,'A',0),
(1218,2,'211477253','preguntas/pregunta_211477253.docx',14,77,21,'2025-09-19 08:30:32.746116',1,'A',0),
(1219,2,'211477254','preguntas/pregunta_211477254.docx',14,77,21,'2025-09-19 08:30:32.969998',1,'A',0),
(1220,2,'211477255','preguntas/pregunta_211477255.docx',14,77,21,'2025-09-19 08:30:33.207511',1,'A',0),
(1221,2,'211477256','preguntas/pregunta_211477256.docx',14,77,21,'2025-09-19 08:30:33.410334',1,'A',0),
(1222,2,'211477257','preguntas/pregunta_211477257.docx',14,77,21,'2025-09-19 08:30:33.631832',1,'A',0),
(1223,2,'211477258','preguntas/pregunta_211477258.docx',14,77,21,'2025-09-19 08:30:33.866164',1,'A',0),
(1224,2,'211477259','preguntas/pregunta_211477259.docx',14,77,21,'2025-09-19 08:30:34.028941',1,'A',0),
(1225,2,'211477260','preguntas/pregunta_211477260.docx',14,77,21,'2025-09-19 08:30:34.220553',1,'A',0),
(1226,2,'21147821','preguntas/pregunta_21147821.docx',14,78,21,'2025-09-19 08:34:00.549813',1,'A',0),
(1227,2,'21147822','preguntas/pregunta_21147822.docx',14,78,21,'2025-09-19 08:34:00.742604',1,'A',0),
(1228,2,'21147823','preguntas/pregunta_21147823.docx',14,78,21,'2025-09-19 08:34:00.935001',1,'A',0),
(1229,2,'21147824','preguntas/pregunta_21147824.docx',14,78,21,'2025-09-19 08:34:01.162849',1,'A',0),
(1230,2,'21147825','preguntas/pregunta_21147825.docx',14,78,21,'2025-09-19 08:34:01.400513',1,'A',0),
(1231,2,'21147826','preguntas/pregunta_21147826.docx',14,78,21,'2025-09-19 08:34:01.657606',1,'A',0),
(1232,2,'21147827','preguntas/pregunta_21147827.docx',14,78,21,'2025-09-19 08:34:02.207081',1,'A',0),
(1233,2,'21147828','preguntas/pregunta_21147828.docx',14,78,21,'2025-09-19 08:34:02.621129',1,'A',0),
(1234,2,'21147829','preguntas/pregunta_21147829.docx',14,78,21,'2025-09-19 08:34:03.134545',1,'A',0),
(1235,2,'211478210','preguntas/pregunta_211478210.docx',14,78,21,'2025-09-19 08:34:03.517278',1,'A',0),
(1236,2,'211478211','preguntas/pregunta_211478211.docx',14,78,21,'2025-09-19 08:34:03.925701',1,'A',0),
(1237,2,'211478212','preguntas/pregunta_211478212.docx',14,78,21,'2025-09-19 08:34:04.217033',1,'A',0),
(1238,2,'211478213','preguntas/pregunta_211478213.docx',14,78,21,'2025-09-19 08:34:04.478359',1,'A',0),
(1239,2,'211478214','preguntas/pregunta_211478214.docx',14,78,21,'2025-09-19 08:34:04.684490',1,'A',0),
(1240,2,'211478215','preguntas/pregunta_211478215.docx',14,78,21,'2025-09-19 08:34:04.984832',1,'A',0),
(1241,2,'211478216','preguntas/pregunta_211478216.docx',14,78,21,'2025-09-19 08:34:05.220310',1,'A',0),
(1242,2,'211478217','preguntas/pregunta_211478217.docx',14,78,21,'2025-09-19 08:34:05.496345',1,'A',0),
(1243,2,'211478218','preguntas/pregunta_211478218.docx',14,78,21,'2025-09-19 08:34:05.750349',1,'A',0),
(1244,2,'211478219','preguntas/pregunta_211478219.docx',14,78,21,'2025-09-19 08:34:06.023371',1,'A',0),
(1245,2,'211478220','preguntas/pregunta_211478220.docx',14,78,21,'2025-09-19 08:34:06.267747',1,'A',0),
(1246,2,'211478221','preguntas/pregunta_211478221.docx',14,78,21,'2025-09-19 08:34:06.499559',1,'A',0),
(1247,2,'211478222','preguntas/pregunta_211478222.docx',14,78,21,'2025-09-19 08:34:06.752749',1,'A',0),
(1248,2,'211478223','preguntas/pregunta_211478223.docx',14,78,21,'2025-09-19 08:34:06.961901',1,'A',0),
(1249,2,'211478224','preguntas/pregunta_211478224.docx',14,78,21,'2025-09-19 08:34:07.156735',1,'A',0),
(1250,2,'211478225','preguntas/pregunta_211478225.docx',14,78,21,'2025-09-19 08:34:07.550520',1,'A',0),
(1251,2,'211478226','preguntas/pregunta_211478226.docx',14,78,21,'2025-09-19 08:34:07.759583',1,'A',0),
(1252,2,'211478227','preguntas/pregunta_211478227.docx',14,78,21,'2025-09-19 08:34:07.996153',1,'A',0),
(1253,2,'211478228','preguntas/pregunta_211478228.docx',14,78,21,'2025-09-19 08:34:08.274305',1,'A',0),
(1254,2,'211478229','preguntas/pregunta_211478229.docx',14,78,21,'2025-09-19 08:34:08.541354',1,'A',0),
(1255,2,'211478230','preguntas/pregunta_211478230.docx',14,78,21,'2025-09-19 08:34:08.763058',1,'A',0),
(1256,2,'211478231','preguntas/pregunta_211478231.docx',14,78,21,'2025-09-19 08:34:08.994350',1,'A',0),
(1257,2,'211478232','preguntas/pregunta_211478232.docx',14,78,21,'2025-09-19 08:34:09.244798',1,'A',0),
(1258,2,'211478233','preguntas/pregunta_211478233.docx',14,78,21,'2025-09-19 08:34:09.485678',1,'A',0),
(1259,2,'211478234','preguntas/pregunta_211478234.docx',14,78,21,'2025-09-19 08:34:09.758987',1,'A',0),
(1260,2,'211478235','preguntas/pregunta_211478235.docx',14,78,21,'2025-09-19 08:34:09.963557',1,'A',0),
(1261,2,'211478236','preguntas/pregunta_211478236.docx',14,78,21,'2025-09-19 08:34:10.191353',1,'A',0),
(1262,2,'211478237','preguntas/pregunta_211478237.docx',14,78,21,'2025-09-19 08:34:10.452465',1,'A',0),
(1263,2,'211478238','preguntas/pregunta_211478238.docx',14,78,21,'2025-09-19 08:34:10.729516',1,'A',0),
(1264,2,'211478239','preguntas/pregunta_211478239.docx',14,78,21,'2025-09-19 08:34:10.958300',1,'A',0),
(1265,2,'211478240','preguntas/pregunta_211478240.docx',14,78,21,'2025-09-19 08:34:11.193018',1,'A',0),
(1266,2,'211478241','preguntas/pregunta_211478241.docx',14,78,21,'2025-09-19 08:34:11.407065',1,'A',0),
(1267,2,'211478242','preguntas/pregunta_211478242.docx',14,78,21,'2025-09-19 08:34:11.644277',1,'A',0),
(1268,2,'211478243','preguntas/pregunta_211478243.docx',14,78,21,'2025-09-19 08:34:11.924350',1,'A',0),
(1269,2,'211478244','preguntas/pregunta_211478244.docx',14,78,21,'2025-09-19 08:34:12.158671',1,'A',0),
(1270,2,'211478245','preguntas/pregunta_211478245.docx',14,78,21,'2025-09-19 08:34:12.389554',1,'A',0),
(1271,2,'211478246','preguntas/pregunta_211478246.docx',14,78,21,'2025-09-19 08:34:12.614146',1,'A',0),
(1272,2,'211478247','preguntas/pregunta_211478247.docx',14,78,21,'2025-09-19 08:34:12.838030',1,'A',0),
(1273,2,'211478248','preguntas/pregunta_211478248.docx',14,78,21,'2025-09-19 08:34:13.043258',1,'A',0),
(1274,2,'211478249','preguntas/pregunta_211478249.docx',14,78,21,'2025-09-19 08:34:13.267717',1,'A',0),
(1275,2,'211478250','preguntas/pregunta_211478250.docx',14,78,21,'2025-09-19 08:34:13.489634',1,'A',0),
(1276,2,'211478251','preguntas/pregunta_211478251.docx',14,78,21,'2025-09-19 08:34:13.730177',1,'A',0),
(1277,2,'211478252','preguntas/pregunta_211478252.docx',14,78,21,'2025-09-19 08:34:13.985807',1,'A',0),
(1278,2,'211478253','preguntas/pregunta_211478253.docx',14,78,21,'2025-09-19 08:34:14.185482',1,'A',0),
(1279,2,'211478254','preguntas/pregunta_211478254.docx',14,78,21,'2025-09-19 08:34:14.357837',1,'A',0),
(1280,2,'211478255','preguntas/pregunta_211478255.docx',14,78,21,'2025-09-19 08:34:14.591557',1,'A',0),
(1281,2,'211478256','preguntas/pregunta_211478256.docx',14,78,21,'2025-09-19 08:34:14.791811',1,'A',0),
(1282,2,'211478257','preguntas/pregunta_211478257.docx',14,78,21,'2025-09-19 08:34:14.984023',1,'A',0),
(1283,2,'211478258','preguntas/pregunta_211478258.docx',14,78,21,'2025-09-19 08:34:15.245878',1,'A',0),
(1284,2,'211478259','preguntas/pregunta_211478259.docx',14,78,21,'2025-09-19 08:34:15.424669',1,'A',0),
(1285,2,'211478260','preguntas/pregunta_211478260.docx',14,78,21,'2025-09-19 08:34:15.681560',1,'A',0),
(1286,2,'211478261','preguntas/pregunta_211478261.docx',14,78,21,'2025-09-19 08:34:16.188510',1,'A',0),
(1287,2,'21147921','preguntas/pregunta_21147921.docx',14,79,21,'2025-09-19 08:36:07.788065',1,'A',0),
(1288,2,'21147922','preguntas/pregunta_21147922.docx',14,79,21,'2025-09-19 08:36:08.034065',1,'A',0),
(1289,2,'21147923','preguntas/pregunta_21147923.docx',14,79,21,'2025-09-19 08:36:08.262723',1,'A',0),
(1290,2,'21147924','preguntas/pregunta_21147924.docx',14,79,21,'2025-09-19 08:36:08.501200',1,'A',0),
(1291,2,'21147925','preguntas/pregunta_21147925.docx',14,79,21,'2025-09-19 08:36:08.714149',1,'A',0),
(1292,2,'21147926','preguntas/pregunta_21147926.docx',14,79,21,'2025-09-19 08:36:08.926920',1,'A',0),
(1293,2,'21147927','preguntas/pregunta_21147927.docx',14,79,21,'2025-09-19 08:36:09.221617',1,'A',0),
(1294,2,'21147928','preguntas/pregunta_21147928.docx',14,79,21,'2025-09-19 08:36:09.417970',1,'A',0),
(1295,2,'21147929','preguntas/pregunta_21147929.docx',14,79,21,'2025-09-19 08:36:09.654625',1,'A',0),
(1296,2,'211479210','preguntas/pregunta_211479210.docx',14,79,21,'2025-09-19 08:36:09.855712',1,'A',0),
(1297,2,'211479211','preguntas/pregunta_211479211.docx',14,79,21,'2025-09-19 08:36:10.085448',1,'A',0),
(1298,2,'211479212','preguntas/pregunta_211479212.docx',14,79,21,'2025-09-19 08:36:10.347924',1,'A',0),
(1299,2,'211479213','preguntas/pregunta_211479213.docx',14,79,21,'2025-09-19 08:36:10.584143',1,'A',0),
(1300,2,'211479214','preguntas/pregunta_211479214.docx',14,79,21,'2025-09-19 08:36:10.818185',1,'A',0),
(1301,2,'211479215','preguntas/pregunta_211479215.docx',14,79,21,'2025-09-19 08:36:11.058640',1,'A',0),
(1302,2,'211479216','preguntas/pregunta_211479216.docx',14,79,21,'2025-09-19 08:36:11.314786',1,'A',0),
(1303,2,'211479217','preguntas/pregunta_211479217.docx',14,79,21,'2025-09-19 08:36:11.509734',1,'A',0),
(1304,2,'211479218','preguntas/pregunta_211479218.docx',14,79,21,'2025-09-19 08:36:11.751132',1,'A',0),
(1305,2,'211479219','preguntas/pregunta_211479219.docx',14,79,21,'2025-09-19 08:36:11.979874',1,'A',0),
(1306,2,'211479220','preguntas/pregunta_211479220.docx',14,79,21,'2025-09-19 08:36:12.210038',1,'A',0),
(1307,2,'211479221','preguntas/pregunta_211479221.docx',14,79,21,'2025-09-19 08:36:12.420613',1,'A',0),
(1308,2,'211479222','preguntas/pregunta_211479222.docx',14,79,21,'2025-09-19 08:36:12.673898',1,'A',0),
(1309,2,'211479223','preguntas/pregunta_211479223.docx',14,79,21,'2025-09-19 08:36:12.918723',1,'A',0),
(1310,2,'211479224','preguntas/pregunta_211479224.docx',14,79,21,'2025-09-19 08:36:13.113069',1,'A',0),
(1311,2,'211479225','preguntas/pregunta_211479225.docx',14,79,21,'2025-09-19 08:36:13.361076',1,'A',0),
(1312,2,'211479226','preguntas/pregunta_211479226.docx',14,79,21,'2025-09-19 08:36:13.560965',1,'A',0),
(1313,2,'211479227','preguntas/pregunta_211479227.docx',14,79,21,'2025-09-19 08:36:13.758974',1,'A',0),
(1314,2,'211479228','preguntas/pregunta_211479228.docx',14,79,21,'2025-09-19 08:36:13.997621',1,'A',0),
(1315,2,'211479229','preguntas/pregunta_211479229.docx',14,79,21,'2025-09-19 08:36:14.244592',1,'A',0),
(1316,2,'211479230','preguntas/pregunta_211479230.docx',14,79,21,'2025-09-19 08:36:14.463711',1,'A',0),
(1317,2,'211479231','preguntas/pregunta_211479231.docx',14,79,21,'2025-09-19 08:36:14.692454',1,'A',0),
(1318,2,'211479232','preguntas/pregunta_211479232.docx',14,79,21,'2025-09-19 08:36:14.882450',1,'A',0),
(1319,2,'211479233','preguntas/pregunta_211479233.docx',14,79,21,'2025-09-19 08:36:15.079569',1,'A',0),
(1320,2,'211479234','preguntas/pregunta_211479234.docx',14,79,21,'2025-09-19 08:36:15.357315',1,'A',0),
(1321,2,'211479235','preguntas/pregunta_211479235.docx',14,79,21,'2025-09-19 08:36:15.569279',1,'A',0),
(1322,2,'211479236','preguntas/pregunta_211479236.docx',14,79,21,'2025-09-19 08:36:15.820611',1,'A',0),
(1323,2,'211479237','preguntas/pregunta_211479237.docx',14,79,21,'2025-09-19 08:36:16.081477',1,'A',0),
(1324,2,'211479238','preguntas/pregunta_211479238.docx',14,79,21,'2025-09-19 08:36:16.322462',1,'A',0),
(1325,2,'211479239','preguntas/pregunta_211479239.docx',14,79,21,'2025-09-19 08:36:16.563748',1,'A',0),
(1326,2,'211479240','preguntas/pregunta_211479240.docx',14,79,21,'2025-09-19 08:36:16.805642',1,'A',0),
(1327,2,'211479241','preguntas/pregunta_211479241.docx',14,79,21,'2025-09-19 08:36:17.045031',1,'A',0),
(1328,2,'211479242','preguntas/pregunta_211479242.docx',14,79,21,'2025-09-19 08:36:17.270589',1,'A',0),
(1329,2,'211479243','preguntas/pregunta_211479243.docx',14,79,21,'2025-09-19 08:36:17.744223',1,'A',0),
(1330,2,'211479244','preguntas/pregunta_211479244.docx',14,79,21,'2025-09-19 08:36:17.949562',1,'A',0),
(1331,2,'211479245','preguntas/pregunta_211479245.docx',14,79,21,'2025-09-19 08:36:18.117247',1,'A',0),
(1332,2,'211479246','preguntas/pregunta_211479246.docx',14,79,21,'2025-09-19 08:36:18.351289',1,'A',0),
(1333,2,'211479247','preguntas/pregunta_211479247.docx',14,79,21,'2025-09-19 08:36:18.567154',1,'A',0),
(1334,2,'211479248','preguntas/pregunta_211479248.docx',14,79,21,'2025-09-19 08:36:18.814830',1,'A',0),
(1335,2,'211479249','preguntas/pregunta_211479249.docx',14,79,21,'2025-09-19 08:36:19.051317',1,'A',0),
(1336,2,'211479250','preguntas/pregunta_211479250.docx',14,79,21,'2025-09-19 08:36:19.253807',1,'A',0),
(1337,2,'211479251','preguntas/pregunta_211479251.docx',14,79,21,'2025-09-19 08:36:19.471783',1,'A',0),
(1338,2,'211479252','preguntas/pregunta_211479252.docx',14,79,21,'2025-09-19 08:36:19.670677',1,'A',0),
(1339,2,'211479253','preguntas/pregunta_211479253.docx',14,79,21,'2025-09-19 08:36:19.891751',1,'A',0),
(1340,2,'211479254','preguntas/pregunta_211479254.docx',14,79,21,'2025-09-19 08:36:20.088848',1,'A',0),
(1341,2,'211479255','preguntas/pregunta_211479255.docx',14,79,21,'2025-09-19 08:36:20.312823',1,'A',0),
(1342,2,'211479256','preguntas/pregunta_211479256.docx',14,79,21,'2025-09-19 08:36:20.524434',1,'A',0),
(1343,2,'211479257','preguntas/pregunta_211479257.docx',14,79,21,'2025-09-19 08:36:20.741094',1,'A',0),
(1344,2,'211479258','preguntas/pregunta_211479258.docx',14,79,21,'2025-09-19 08:36:20.967739',1,'A',0),
(1345,2,'211479259','preguntas/pregunta_211479259.docx',14,79,21,'2025-09-19 08:36:21.157593',1,'A',0),
(1346,2,'211479260','preguntas/pregunta_211479260.docx',14,79,21,'2025-09-19 08:36:21.370764',1,'A',0),
(1347,2,'211479261','preguntas/pregunta_211479261.docx',14,79,21,'2025-09-19 08:36:21.585901',1,'A',0),
(1348,2,'211479262','preguntas/pregunta_211479262.docx',14,79,21,'2025-09-19 08:36:21.775946',1,'A',0),
(1349,2,'211479263','preguntas/pregunta_211479263.docx',14,79,21,'2025-09-19 08:36:21.985196',1,'A',0),
(1350,2,'211479264','preguntas/pregunta_211479264.docx',14,79,21,'2025-09-19 08:36:22.198498',1,'A',0),
(1351,2,'211479265','preguntas/pregunta_211479265.docx',14,79,21,'2025-09-19 08:36:22.397324',1,'A',0),
(1352,2,'211479266','preguntas/pregunta_211479266.docx',14,79,21,'2025-09-19 08:36:22.620342',1,'A',0),
(1353,2,'211479267','preguntas/pregunta_211479267.docx',14,79,21,'2025-09-19 08:36:22.843863',1,'A',0),
(1354,2,'211479268','preguntas/pregunta_211479268.docx',14,79,21,'2025-09-19 08:36:23.034014',1,'A',0),
(1355,2,'211479269','preguntas/pregunta_211479269.docx',14,79,21,'2025-09-19 08:36:23.229244',1,'A',0),
(1356,2,'211479270','preguntas/pregunta_211479270.docx',14,79,21,'2025-09-19 08:36:23.452236',1,'A',0),
(1357,2,'211479271','preguntas/pregunta_211479271.docx',14,79,21,'2025-09-19 08:36:23.651841',1,'A',0),
(1358,2,'211479272','preguntas/pregunta_211479272.docx',14,79,21,'2025-09-19 08:36:23.878046',1,'A',0),
(1359,2,'21148021','preguntas/pregunta_21148021.docx',14,80,21,'2025-09-19 08:38:34.621411',1,'A',0),
(1360,2,'21148022','preguntas/pregunta_21148022.docx',14,80,21,'2025-09-19 08:38:34.813657',1,'A',0),
(1361,2,'21148023','preguntas/pregunta_21148023.docx',14,80,21,'2025-09-19 08:38:34.991275',1,'A',0),
(1362,2,'21148024','preguntas/pregunta_21148024.docx',14,80,21,'2025-09-19 08:38:35.156069',1,'A',0),
(1363,2,'21148025','preguntas/pregunta_21148025.docx',14,80,21,'2025-09-19 08:38:35.322090',1,'A',0),
(1364,2,'21148026','preguntas/pregunta_21148026.docx',14,80,21,'2025-09-19 08:38:35.518809',1,'A',0),
(1365,2,'21148027','preguntas/pregunta_21148027.docx',14,80,21,'2025-09-19 08:38:35.758471',1,'A',0),
(1366,2,'21148028','preguntas/pregunta_21148028.docx',14,80,21,'2025-09-19 08:38:35.963510',1,'A',0),
(1367,2,'21148029','preguntas/pregunta_21148029.docx',14,80,21,'2025-09-19 08:38:36.179818',1,'A',0),
(1368,2,'211480210','preguntas/pregunta_211480210.docx',14,80,21,'2025-09-19 08:38:36.393544',1,'A',0),
(1369,2,'211480211','preguntas/pregunta_211480211.docx',14,80,21,'2025-09-19 08:38:36.617075',1,'A',0),
(1370,2,'211480212','preguntas/pregunta_211480212.docx',14,80,21,'2025-09-19 08:38:36.822238',1,'A',0),
(1371,2,'211480213','preguntas/pregunta_211480213.docx',14,80,21,'2025-09-19 08:38:37.019092',1,'A',0),
(1372,2,'211480214','preguntas/pregunta_211480214.docx',14,80,21,'2025-09-19 08:38:37.216068',1,'A',0),
(1373,2,'211480215','preguntas/pregunta_211480215.docx',14,80,21,'2025-09-19 08:38:37.520455',1,'A',0),
(1374,2,'211480216','preguntas/pregunta_211480216.docx',14,80,21,'2025-09-19 08:38:37.713597',1,'A',0),
(1375,2,'211480217','preguntas/pregunta_211480217.docx',14,80,21,'2025-09-19 08:38:37.903299',1,'A',0),
(1376,2,'211480218','preguntas/pregunta_211480218.docx',14,80,21,'2025-09-19 08:38:38.115548',1,'A',0),
(1377,2,'211480219','preguntas/pregunta_211480219.docx',14,80,21,'2025-09-19 08:38:38.311101',1,'A',0),
(1378,2,'211480220','preguntas/pregunta_211480220.docx',14,80,21,'2025-09-19 08:38:38.507706',1,'A',0),
(1379,2,'211480221','preguntas/pregunta_211480221.docx',14,80,21,'2025-09-19 08:38:38.720923',1,'A',0),
(1380,2,'211480222','preguntas/pregunta_211480222.docx',14,80,21,'2025-09-19 08:38:38.932758',1,'A',0),
(1381,2,'211480223','preguntas/pregunta_211480223.docx',14,80,21,'2025-09-19 08:38:39.115868',1,'A',0),
(1382,2,'211480224','preguntas/pregunta_211480224.docx',14,80,21,'2025-09-19 08:38:39.355710',1,'A',0),
(1383,2,'211480225','preguntas/pregunta_211480225.docx',14,80,21,'2025-09-19 08:38:39.567601',1,'A',0),
(1384,2,'211480226','preguntas/pregunta_211480226.docx',14,80,21,'2025-09-19 08:38:39.780872',1,'A',0),
(1385,2,'211480227','preguntas/pregunta_211480227.docx',14,80,21,'2025-09-19 08:38:39.996641',1,'A',0),
(1386,2,'211480228','preguntas/pregunta_211480228.docx',14,80,21,'2025-09-19 08:38:40.231617',1,'A',0),
(1387,2,'211480229','preguntas/pregunta_211480229.docx',14,80,21,'2025-09-19 08:38:40.434626',1,'A',0),
(1388,2,'211480230','preguntas/pregunta_211480230.docx',14,80,21,'2025-09-19 08:38:40.652681',1,'A',0),
(1389,2,'211480231','preguntas/pregunta_211480231.docx',14,80,21,'2025-09-19 08:38:40.842532',1,'A',0),
(1390,2,'211480232','preguntas/pregunta_211480232.docx',14,80,21,'2025-09-19 08:38:41.048779',1,'A',0),
(1391,2,'211480233','preguntas/pregunta_211480233.docx',14,80,21,'2025-09-19 08:38:41.254492',1,'A',0),
(1392,2,'211480234','preguntas/pregunta_211480234.docx',14,80,21,'2025-09-19 08:38:41.430323',1,'A',0),
(1393,2,'211480235','preguntas/pregunta_211480235.docx',14,80,21,'2025-09-19 08:38:41.659213',1,'A',0),
(1394,2,'211480236','preguntas/pregunta_211480236.docx',14,80,21,'2025-09-19 08:38:41.881280',1,'A',0),
(1395,2,'211480237','preguntas/pregunta_211480237.docx',14,80,21,'2025-09-19 08:38:42.073824',1,'A',0),
(1396,2,'211480238','preguntas/pregunta_211480238.docx',14,80,21,'2025-09-19 08:38:42.282265',1,'A',0),
(1397,2,'211480239','preguntas/pregunta_211480239.docx',14,80,21,'2025-09-19 08:38:42.505959',1,'A',0),
(1398,2,'211480240','preguntas/pregunta_211480240.docx',14,80,21,'2025-09-19 08:38:42.711877',1,'A',0),
(1399,2,'211480241','preguntas/pregunta_211480241.docx',14,80,21,'2025-09-19 08:38:42.900809',1,'A',0),
(1400,2,'211480242','preguntas/pregunta_211480242.docx',14,80,21,'2025-09-19 08:38:43.106716',1,'A',0),
(1401,2,'211480243','preguntas/pregunta_211480243.docx',14,80,21,'2025-09-19 08:38:43.339768',1,'A',0),
(1402,2,'211480244','preguntas/pregunta_211480244.docx',14,80,21,'2025-09-19 08:38:43.550029',1,'A',0),
(1403,2,'211480245','preguntas/pregunta_211480245.docx',14,80,21,'2025-09-19 08:38:43.790016',1,'A',0),
(1404,2,'211480246','preguntas/pregunta_211480246.docx',14,80,21,'2025-09-19 08:38:43.974636',1,'A',0),
(1405,2,'211480247','preguntas/pregunta_211480247.docx',14,80,21,'2025-09-19 08:38:44.160834',1,'A',0),
(1406,2,'211480248','preguntas/pregunta_211480248.docx',14,80,21,'2025-09-19 08:38:44.358463',1,'A',0),
(1407,2,'211480249','preguntas/pregunta_211480249.docx',14,80,21,'2025-09-19 08:38:44.539600',1,'A',0),
(1408,2,'211480250','preguntas/pregunta_211480250.docx',14,80,21,'2025-09-19 08:38:44.730638',1,'A',0),
(1409,2,'211480251','preguntas/pregunta_211480251.docx',14,80,21,'2025-09-19 08:38:45.178650',1,'A',0),
(1410,2,'211480252','preguntas/pregunta_211480252.docx',14,80,21,'2025-09-19 08:38:45.365441',1,'A',0),
(1411,2,'211480253','preguntas/pregunta_211480253.docx',14,80,21,'2025-09-19 08:38:45.545935',1,'A',0),
(1412,2,'211480254','preguntas/pregunta_211480254.docx',14,80,21,'2025-09-19 08:38:45.755684',1,'A',0),
(1413,2,'211480255','preguntas/pregunta_211480255.docx',14,80,21,'2025-09-19 08:38:45.926555',1,'A',0),
(1414,2,'211480256','preguntas/pregunta_211480256.docx',14,80,21,'2025-09-19 08:38:46.115120',1,'A',0),
(1415,2,'211480257','preguntas/pregunta_211480257.docx',14,80,21,'2025-09-19 08:38:46.300964',1,'A',0),
(1416,2,'211480258','preguntas/pregunta_211480258.docx',14,80,21,'2025-09-19 08:38:46.456503',1,'A',0),
(1417,2,'211480259','preguntas/pregunta_211480259.docx',14,80,21,'2025-09-19 08:38:46.638108',1,'A',0),
(1418,2,'211480260','preguntas/pregunta_211480260.docx',14,80,21,'2025-09-19 08:38:46.811646',1,'A',0),
(1419,2,'211480261','preguntas/pregunta_211480261.docx',14,80,21,'2025-09-19 08:38:46.974405',1,'A',0),
(1420,2,'211480262','preguntas/pregunta_211480262.docx',14,80,21,'2025-09-19 08:38:47.151440',1,'A',0),
(1421,2,'211480263','preguntas/pregunta_211480263.docx',14,80,21,'2025-09-19 08:38:47.337323',1,'A',0),
(1422,2,'211480264','preguntas/pregunta_211480264.docx',14,80,21,'2025-09-19 08:38:47.508433',1,'A',0),
(1423,2,'211480265','preguntas/pregunta_211480265.docx',14,80,21,'2025-09-19 08:38:47.735246',1,'A',0),
(1424,2,'211480266','preguntas/pregunta_211480266.docx',14,80,21,'2025-09-19 08:38:47.993298',1,'A',0),
(1425,2,'211480267','preguntas/pregunta_211480267.docx',14,80,21,'2025-09-19 08:38:48.237106',1,'A',0),
(1426,2,'211480268','preguntas/pregunta_211480268.docx',14,80,21,'2025-09-19 08:38:48.422716',1,'A',0),
(1427,2,'211480269','preguntas/pregunta_211480269.docx',14,80,21,'2025-09-19 08:38:48.650040',1,'A',0),
(1428,2,'211480270','preguntas/pregunta_211480270.docx',14,80,21,'2025-09-19 08:38:48.803029',1,'A',0),
(1429,2,'211480271','preguntas/pregunta_211480271.docx',14,80,21,'2025-09-19 08:38:48.927024',1,'A',0),
(1430,2,'211480272','preguntas/pregunta_211480272.docx',14,80,21,'2025-09-19 08:38:49.142478',1,'A',0),
(1431,2,'211480273','preguntas/pregunta_211480273.docx',14,80,21,'2025-09-19 08:38:49.302618',1,'A',0),
(1432,2,'211480274','preguntas/pregunta_211480274.docx',14,80,21,'2025-09-19 08:38:49.495463',1,'A',0),
(1433,2,'211480275','preguntas/pregunta_211480275.docx',14,80,21,'2025-09-19 08:38:49.708304',1,'A',0),
(1434,2,'211480276','preguntas/pregunta_211480276.docx',14,80,21,'2025-09-19 08:38:49.893741',1,'A',0),
(1435,2,'211480277','preguntas/pregunta_211480277.docx',14,80,21,'2025-09-19 08:38:50.070334',1,'A',0),
(1436,2,'211480278','preguntas/pregunta_211480278.docx',14,80,21,'2025-09-19 08:38:50.249691',1,'A',0),
(1437,2,'211480279','preguntas/pregunta_211480279.docx',14,80,21,'2025-09-19 08:38:50.406670',1,'A',0),
(1438,2,'211480280','preguntas/pregunta_211480280.docx',14,80,21,'2025-09-19 08:38:50.564640',1,'A',0),
(1439,2,'211480281','preguntas/pregunta_211480281.docx',14,80,21,'2025-09-19 08:38:50.731188',1,'A',0),
(1440,2,'211480282','preguntas/pregunta_211480282.docx',14,80,21,'2025-09-19 08:38:50.882506',1,'A',0),
(1441,2,'211480283','preguntas/pregunta_211480283.docx',14,80,21,'2025-09-19 08:38:51.082270',1,'A',0),
(1442,2,'211480284','preguntas/pregunta_211480284.docx',14,80,21,'2025-09-19 08:38:51.297342',1,'A',0),
(1443,2,'211480285','preguntas/pregunta_211480285.docx',14,80,21,'2025-09-19 08:38:51.477065',1,'A',0),
(1444,2,'21148121','preguntas/pregunta_21148121.docx',14,81,21,'2025-09-19 08:41:41.249502',1,'A',0),
(1445,2,'21148122','preguntas/pregunta_21148122.docx',14,81,21,'2025-09-19 08:41:41.412717',1,'A',0),
(1446,2,'21148123','preguntas/pregunta_21148123.docx',14,81,21,'2025-09-19 08:41:41.587814',1,'A',0),
(1447,2,'21148124','preguntas/pregunta_21148124.docx',14,81,21,'2025-09-19 08:41:41.735428',1,'A',0),
(1448,2,'21148125','preguntas/pregunta_21148125.docx',14,81,21,'2025-09-19 08:41:41.919514',1,'A',0),
(1449,2,'21148126','preguntas/pregunta_21148126.docx',14,81,21,'2025-09-19 08:41:42.088691',1,'A',0),
(1450,2,'21148127','preguntas/pregunta_21148127.docx',14,81,21,'2025-09-19 08:41:42.270886',1,'A',0),
(1451,2,'21148128','preguntas/pregunta_21148128.docx',14,81,21,'2025-09-19 08:41:42.442261',1,'A',0),
(1452,2,'21148129','preguntas/pregunta_21148129.docx',14,81,21,'2025-09-19 08:41:42.631622',1,'A',0),
(1453,2,'211481210','preguntas/pregunta_211481210.docx',14,81,21,'2025-09-19 08:41:42.805306',1,'A',0),
(1454,2,'211481211','preguntas/pregunta_211481211.docx',14,81,21,'2025-09-19 08:41:43.074521',1,'A',0),
(1455,2,'211481212','preguntas/pregunta_211481212.docx',14,81,21,'2025-09-19 08:41:43.274254',1,'A',0),
(1456,2,'211481213','preguntas/pregunta_211481213.docx',14,81,21,'2025-09-19 08:41:43.433315',1,'A',0),
(1457,2,'211481214','preguntas/pregunta_211481214.docx',14,81,21,'2025-09-19 08:41:43.623757',1,'A',0),
(1458,2,'211481215','preguntas/pregunta_211481215.docx',14,81,21,'2025-09-19 08:41:43.775005',1,'A',0),
(1459,2,'211481216','preguntas/pregunta_211481216.docx',14,81,21,'2025-09-19 08:41:43.952604',1,'A',0),
(1460,2,'211481217','preguntas/pregunta_211481217.docx',14,81,21,'2025-09-19 08:41:44.150658',1,'A',0),
(1461,2,'211481218','preguntas/pregunta_211481218.docx',14,81,21,'2025-09-19 08:41:44.320583',1,'A',0),
(1462,2,'211481219','preguntas/pregunta_211481219.docx',14,81,21,'2025-09-19 08:41:44.473758',1,'A',0),
(1463,2,'211481220','preguntas/pregunta_211481220.docx',14,81,21,'2025-09-19 08:41:44.681358',1,'A',0),
(1464,2,'211481221','preguntas/pregunta_211481221.docx',14,81,21,'2025-09-19 08:41:44.847055',1,'A',0),
(1465,2,'211481222','preguntas/pregunta_211481222.docx',14,81,21,'2025-09-19 08:41:45.048246',1,'A',0),
(1466,2,'211481223','preguntas/pregunta_211481223.docx',14,81,21,'2025-09-19 08:41:45.250295',1,'A',0),
(1467,2,'211481224','preguntas/pregunta_211481224.docx',14,81,21,'2025-09-19 08:41:45.439266',1,'A',0),
(1468,2,'211481225','preguntas/pregunta_211481225.docx',14,81,21,'2025-09-19 08:41:45.578224',1,'A',0),
(1469,2,'211481226','preguntas/pregunta_211481226.docx',14,81,21,'2025-09-19 08:41:45.780771',1,'A',0),
(1470,2,'211481227','preguntas/pregunta_211481227.docx',14,81,21,'2025-09-19 08:41:45.948254',1,'A',0),
(1471,2,'211481228','preguntas/pregunta_211481228.docx',14,81,21,'2025-09-19 08:41:46.129451',1,'A',0),
(1472,2,'211481229','preguntas/pregunta_211481229.docx',14,81,21,'2025-09-19 08:41:46.312814',1,'A',0),
(1473,2,'211481230','preguntas/pregunta_211481230.docx',14,81,21,'2025-09-19 08:41:46.477832',1,'A',0),
(1474,2,'211481231','preguntas/pregunta_211481231.docx',14,81,21,'2025-09-19 08:41:46.682109',1,'A',0),
(1475,2,'211481232','preguntas/pregunta_211481232.docx',14,81,21,'2025-09-19 08:41:46.877691',1,'A',0),
(1476,2,'211481233','preguntas/pregunta_211481233.docx',14,81,21,'2025-09-19 08:41:47.061262',1,'A',0),
(1477,2,'211481234','preguntas/pregunta_211481234.docx',14,81,21,'2025-09-19 08:41:47.237476',1,'A',0),
(1478,2,'211481235','preguntas/pregunta_211481235.docx',14,81,21,'2025-09-19 08:41:47.414225',1,'A',0),
(1479,2,'211481236','preguntas/pregunta_211481236.docx',14,81,21,'2025-09-19 08:41:47.567062',1,'A',0),
(1480,2,'211481237','preguntas/pregunta_211481237.docx',14,81,21,'2025-09-19 08:41:47.721615',1,'A',0),
(1481,2,'211481238','preguntas/pregunta_211481238.docx',14,81,21,'2025-09-19 08:41:47.925138',1,'A',0),
(1482,2,'211481239','preguntas/pregunta_211481239.docx',14,81,21,'2025-09-19 08:41:48.126357',1,'A',0),
(1483,2,'211481240','preguntas/pregunta_211481240.docx',14,81,21,'2025-09-19 08:41:48.322826',1,'A',0),
(1484,2,'211481241','preguntas/pregunta_211481241.docx',14,81,21,'2025-09-19 08:41:48.529996',1,'A',0),
(1485,2,'211481242','preguntas/pregunta_211481242.docx',14,81,21,'2025-09-19 08:41:48.716747',1,'A',0),
(1486,2,'211481243','preguntas/pregunta_211481243.docx',14,81,21,'2025-09-19 08:41:48.890944',1,'A',0),
(1487,2,'211481244','preguntas/pregunta_211481244.docx',14,81,21,'2025-09-19 08:41:49.051673',1,'A',0),
(1488,2,'211481245','preguntas/pregunta_211481245.docx',14,81,21,'2025-09-19 08:41:49.199607',1,'A',0),
(1489,2,'211481246','preguntas/pregunta_211481246.docx',14,81,21,'2025-09-19 08:41:49.384432',1,'A',0),
(1490,2,'211481247','preguntas/pregunta_211481247.docx',14,81,21,'2025-09-19 08:41:49.772302',1,'A',0),
(1491,2,'211481248','preguntas/pregunta_211481248.docx',14,81,21,'2025-09-19 08:41:49.947535',1,'A',0),
(1492,2,'211481249','preguntas/pregunta_211481249.docx',14,81,21,'2025-09-19 08:41:50.142876',1,'A',0),
(1493,2,'211481250','preguntas/pregunta_211481250.docx',14,81,21,'2025-09-19 08:41:50.341967',1,'A',0),
(1494,2,'211481251','preguntas/pregunta_211481251.docx',14,81,21,'2025-09-19 08:41:50.526433',1,'A',0),
(1495,2,'211481252','preguntas/pregunta_211481252.docx',14,81,21,'2025-09-19 08:41:50.684732',1,'A',0),
(1593,2,'23118221','preguntas/pregunta_23118221.docx',11,82,23,'2025-09-19 08:58:06.671829',1,'A',0),
(1594,2,'23118222','preguntas/pregunta_23118222.docx',11,82,23,'2025-09-19 08:58:07.057586',1,'A',0),
(1595,2,'23118223','preguntas/pregunta_23118223.docx',11,82,23,'2025-09-19 08:58:07.329263',1,'A',0),
(1596,2,'23118224','preguntas/pregunta_23118224.docx',11,82,23,'2025-09-19 08:58:07.628869',1,'A',0),
(1597,2,'23118225','preguntas/pregunta_23118225.docx',11,82,23,'2025-09-19 08:58:07.966901',1,'A',0),
(1598,2,'23118226','preguntas/pregunta_23118226.docx',11,82,23,'2025-09-19 08:58:08.230982',1,'A',0),
(1599,2,'23118227','preguntas/pregunta_23118227.docx',11,82,23,'2025-09-19 08:58:08.516791',1,'A',0),
(1600,2,'23118228','preguntas/pregunta_23118228.docx',11,82,23,'2025-09-19 08:58:08.824650',1,'A',0),
(1601,2,'23118229','preguntas/pregunta_23118229.docx',11,82,23,'2025-09-19 08:58:09.061110',1,'A',0),
(1602,2,'231182210','preguntas/pregunta_231182210.docx',11,82,23,'2025-09-19 08:58:09.330127',1,'A',0),
(1603,2,'231182211','preguntas/pregunta_231182211.docx',11,82,23,'2025-09-19 08:58:09.634643',1,'A',0),
(1604,2,'231182212','preguntas/pregunta_231182212.docx',11,82,23,'2025-09-19 08:58:09.876495',1,'A',0),
(1605,2,'231182213','preguntas/pregunta_231182213.docx',11,82,23,'2025-09-19 08:58:10.189158',1,'A',0),
(1606,2,'231182214','preguntas/pregunta_231182214.docx',11,82,23,'2025-09-19 08:58:10.560690',1,'A',0),
(1607,2,'231182215','preguntas/pregunta_231182215.docx',11,82,23,'2025-09-19 08:58:10.821365',1,'A',0),
(1608,2,'231182216','preguntas/pregunta_231182216.docx',11,82,23,'2025-09-19 08:58:11.027424',1,'A',0),
(1609,2,'231182217','preguntas/pregunta_231182217.docx',11,82,23,'2025-09-19 08:58:11.362672',1,'A',0),
(1610,2,'231182218','preguntas/pregunta_231182218.docx',11,82,23,'2025-09-19 08:58:11.609970',1,'A',0),
(1611,2,'231182219','preguntas/pregunta_231182219.docx',11,82,23,'2025-09-19 08:58:11.864912',1,'A',0),
(1612,2,'231182220','preguntas/pregunta_231182220.docx',11,82,23,'2025-09-19 08:58:12.227825',1,'A',0),
(1613,2,'231182221','preguntas/pregunta_231182221.docx',11,82,23,'2025-09-19 08:58:12.457903',1,'A',0),
(1614,2,'231182222','preguntas/pregunta_231182222.docx',11,82,23,'2025-09-19 08:58:12.692315',1,'A',0),
(1615,2,'231182223','preguntas/pregunta_231182223.docx',11,82,23,'2025-09-19 08:58:13.013855',1,'A',0),
(1616,2,'231182224','preguntas/pregunta_231182224.docx',11,82,23,'2025-09-19 08:58:13.268157',1,'A',0),
(1617,2,'231182225','preguntas/pregunta_231182225.docx',11,82,23,'2025-09-19 08:58:13.551426',1,'A',0),
(1618,2,'231182226','preguntas/pregunta_231182226.docx',11,82,23,'2025-09-19 08:58:13.866219',1,'A',0),
(1619,2,'231182227','preguntas/pregunta_231182227.docx',11,82,23,'2025-09-19 08:58:14.092465',1,'A',0),
(1620,2,'231182228','preguntas/pregunta_231182228.docx',11,82,23,'2025-09-19 08:58:14.352791',1,'A',0),
(1621,2,'231182229','preguntas/pregunta_231182229.docx',11,82,23,'2025-09-19 08:58:14.702042',1,'A',0),
(1622,2,'231182230','preguntas/pregunta_231182230.docx',11,82,23,'2025-09-19 08:58:14.928650',1,'A',0),
(1623,2,'231182231','preguntas/pregunta_231182231.docx',11,82,23,'2025-09-19 08:58:15.192957',1,'A',0),
(1624,2,'231182232','preguntas/pregunta_231182232.docx',11,82,23,'2025-09-19 08:58:15.500594',1,'A',0),
(1625,2,'231182233','preguntas/pregunta_231182233.docx',11,82,23,'2025-09-19 08:58:15.715337',1,'A',0),
(1626,2,'231182234','preguntas/pregunta_231182234.docx',11,82,23,'2025-09-19 08:58:16.007694',1,'A',0),
(1627,2,'231182235','preguntas/pregunta_231182235.docx',11,82,23,'2025-09-19 08:58:16.692127',1,'A',0),
(1628,2,'231182236','preguntas/pregunta_231182236.docx',11,82,23,'2025-09-19 08:58:16.916331',1,'A',0),
(1629,2,'231182237','preguntas/pregunta_231182237.docx',11,82,23,'2025-09-19 08:58:17.188044',1,'A',0),
(1630,2,'231182238','preguntas/pregunta_231182238.docx',11,82,23,'2025-09-19 08:58:17.496251',1,'A',0),
(1631,2,'231182239','preguntas/pregunta_231182239.docx',11,82,23,'2025-09-19 08:58:17.743313',1,'A',0),
(1632,2,'231182240','preguntas/pregunta_231182240.docx',11,82,23,'2025-09-19 08:58:17.975563',1,'A',0),
(1633,2,'231182241','preguntas/pregunta_231182241.docx',11,82,23,'2025-09-19 08:58:18.256795',1,'A',0),
(1634,2,'231182242','preguntas/pregunta_231182242.docx',11,82,23,'2025-09-19 08:58:18.490309',1,'A',0),
(1635,2,'231182243','preguntas/pregunta_231182243.docx',11,82,23,'2025-09-19 08:58:18.692235',1,'A',0),
(1636,2,'231182244','preguntas/pregunta_231182244.docx',11,82,23,'2025-09-19 08:58:18.950174',1,'A',0),
(1637,2,'231182245','preguntas/pregunta_231182245.docx',11,82,23,'2025-09-19 08:58:19.176543',1,'A',0),
(1638,2,'231182246','preguntas/pregunta_231182246.docx',11,82,23,'2025-09-19 08:58:19.441187',1,'A',0),
(1639,2,'231182247','preguntas/pregunta_231182247.docx',11,82,23,'2025-09-19 08:58:19.729117',1,'A',0),
(1640,2,'231182248','preguntas/pregunta_231182248.docx',11,82,23,'2025-09-19 08:58:19.949736',1,'A',0),
(1641,2,'231182249','preguntas/pregunta_231182249.docx',11,82,23,'2025-09-19 08:58:20.219599',1,'A',0),
(1642,2,'231182250','preguntas/pregunta_231182250.docx',11,82,23,'2025-09-19 08:58:20.531523',1,'A',0),
(1643,2,'231182251','preguntas/pregunta_231182251.docx',11,82,23,'2025-09-19 08:58:20.719507',1,'A',0),
(1644,2,'231182252','preguntas/pregunta_231182252.docx',11,82,23,'2025-09-19 08:58:20.957320',1,'A',0),
(1645,2,'231182253','preguntas/pregunta_231182253.docx',11,82,23,'2025-09-19 08:58:21.236742',1,'A',0),
(1646,2,'231182254','preguntas/pregunta_231182254.docx',11,82,23,'2025-09-19 08:58:21.510822',1,'A',0),
(1647,2,'231182255','preguntas/pregunta_231182255.docx',11,82,23,'2025-09-19 08:58:21.767518',1,'A',0),
(1648,2,'231182256','preguntas/pregunta_231182256.docx',11,82,23,'2025-09-19 08:58:22.090629',1,'A',0),
(1649,2,'231182257','preguntas/pregunta_231182257.docx',11,82,23,'2025-09-19 08:58:22.358493',1,'A',0),
(1650,2,'231182258','preguntas/pregunta_231182258.docx',11,82,23,'2025-09-19 08:58:22.580267',1,'A',0),
(1651,2,'231182259','preguntas/pregunta_231182259.docx',11,82,23,'2025-09-19 08:58:22.835027',1,'A',0),
(1652,2,'231182260','preguntas/pregunta_231182260.docx',11,82,23,'2025-09-19 08:58:23.098153',1,'A',0),
(1653,2,'231182261','preguntas/pregunta_231182261.docx',11,82,23,'2025-09-19 08:58:23.362293',1,'A',0),
(1654,2,'231182262','preguntas/pregunta_231182262.docx',11,82,23,'2025-09-19 08:58:23.644894',1,'A',0),
(1655,2,'231182263','preguntas/pregunta_231182263.docx',11,82,23,'2025-09-19 08:58:23.878628',1,'A',0),
(1656,2,'231182264','preguntas/pregunta_231182264.docx',11,82,23,'2025-09-19 08:58:24.150502',1,'A',0),
(1657,2,'231182265','preguntas/pregunta_231182265.docx',11,82,23,'2025-09-19 08:58:24.432470',1,'A',0),
(1658,2,'231182266','preguntas/pregunta_231182266.docx',11,82,23,'2025-09-19 08:58:24.704647',1,'A',0),
(1659,2,'231182267','preguntas/pregunta_231182267.docx',11,82,23,'2025-09-19 08:58:24.896753',1,'A',0),
(1660,2,'231182268','preguntas/pregunta_231182268.docx',11,82,23,'2025-09-19 08:58:25.156766',1,'A',0),
(1661,2,'231182269','preguntas/pregunta_231182269.docx',11,82,23,'2025-09-19 08:58:25.435677',1,'A',0),
(1662,2,'231182270','preguntas/pregunta_231182270.docx',11,82,23,'2025-09-19 08:58:25.717612',1,'A',0),
(1663,2,'231182271','preguntas/pregunta_231182271.docx',11,82,23,'2025-09-19 08:58:26.370895',1,'A',0),
(1664,2,'231182272','preguntas/pregunta_231182272.docx',11,82,23,'2025-09-19 08:58:26.669321',1,'A',0),
(1665,2,'231182273','preguntas/pregunta_231182273.docx',11,82,23,'2025-09-19 08:58:26.917072',1,'A',0),
(1666,2,'231182274','preguntas/pregunta_231182274.docx',11,82,23,'2025-09-19 08:58:27.200532',1,'A',0),
(1667,2,'231182275','preguntas/pregunta_231182275.docx',11,82,23,'2025-09-19 08:58:27.429842',1,'A',0),
(1668,2,'231182276','preguntas/pregunta_231182276.docx',11,82,23,'2025-09-19 08:58:27.653020',1,'A',0),
(1669,2,'231182277','preguntas/pregunta_231182277.docx',11,82,23,'2025-09-19 08:58:27.926977',1,'A',0),
(1670,2,'231182278','preguntas/pregunta_231182278.docx',11,82,23,'2025-09-19 08:58:28.188865',1,'A',0),
(1671,2,'231182279','preguntas/pregunta_231182279.docx',11,82,23,'2025-09-19 08:58:28.457439',1,'A',0),
(1672,2,'231182280','preguntas/pregunta_231182280.docx',11,82,23,'2025-09-19 08:58:28.723164',1,'A',0),
(1673,2,'231182281','preguntas/pregunta_231182281.docx',11,82,23,'2025-09-19 08:58:28.947889',1,'A',0),
(1674,2,'231182282','preguntas/pregunta_231182282.docx',11,82,23,'2025-09-19 08:58:29.198143',1,'A',0),
(1675,2,'231182283','preguntas/pregunta_231182283.docx',11,82,23,'2025-09-19 08:58:29.455778',1,'A',0),
(1676,2,'231182284','preguntas/pregunta_231182284.docx',11,82,23,'2025-09-19 08:58:29.675497',1,'A',0),
(1677,2,'231182285','preguntas/pregunta_231182285.docx',11,82,23,'2025-09-19 08:58:29.905696',1,'A',0),
(1678,2,'231182286','preguntas/pregunta_231182286.docx',11,82,23,'2025-09-19 08:58:30.184320',1,'A',0),
(1679,2,'231182287','preguntas/pregunta_231182287.docx',11,82,23,'2025-09-19 08:58:30.453854',1,'A',0),
(1680,2,'231182288','preguntas/pregunta_231182288.docx',11,82,23,'2025-09-19 08:58:30.674292',1,'A',0),
(1681,2,'231182289','preguntas/pregunta_231182289.docx',11,82,23,'2025-09-19 08:58:30.960096',1,'A',0),
(1682,2,'231182290','preguntas/pregunta_231182290.docx',11,82,23,'2025-09-19 08:58:31.180172',1,'A',0),
(1683,2,'231182291','preguntas/pregunta_231182291.docx',11,82,23,'2025-09-19 08:58:31.392357',1,'A',0),
(1684,2,'231182292','preguntas/pregunta_231182292.docx',11,82,23,'2025-09-19 08:58:31.659091',1,'A',0),
(1685,2,'231182293','preguntas/pregunta_231182293.docx',11,82,23,'2025-09-19 08:58:31.871039',1,'A',0),
(1686,2,'231182294','preguntas/pregunta_231182294.docx',11,82,23,'2025-09-19 08:58:32.077598',1,'A',0),
(1687,2,'231182295','preguntas/pregunta_231182295.docx',11,82,23,'2025-09-19 08:58:32.352750',1,'A',0),
(1688,2,'231182296','preguntas/pregunta_231182296.docx',11,82,23,'2025-09-19 08:58:32.574868',1,'A',0),
(1689,2,'231182297','preguntas/pregunta_231182297.docx',11,82,23,'2025-09-19 08:58:32.806190',1,'A',0),
(1690,2,'231182298','preguntas/pregunta_231182298.docx',11,82,23,'2025-09-19 08:58:33.062115',1,'A',0),
(1691,2,'231182299','preguntas/pregunta_231182299.docx',11,82,23,'2025-09-19 08:58:33.299418',1,'A',0),
(1692,2,'2311822100','preguntas/pregunta_2311822100.docx',11,82,23,'2025-09-19 08:58:33.518893',1,'A',0),
(1693,2,'2311822101','preguntas/pregunta_2311822101.docx',11,82,23,'2025-09-19 08:58:33.776735',1,'A',0),
(1694,2,'2311822102','preguntas/pregunta_2311822102.docx',11,82,23,'2025-09-19 08:58:33.993693',1,'A',0),
(1695,2,'2311822103','preguntas/pregunta_2311822103.docx',11,82,23,'2025-09-19 08:58:34.206918',1,'A',0),
(1696,2,'2311822104','preguntas/pregunta_2311822104.docx',11,82,23,'2025-09-19 08:58:34.454718',1,'A',0),
(1697,2,'2311822105','preguntas/pregunta_2311822105.docx',11,82,23,'2025-09-19 08:58:34.689687',1,'A',0),
(1698,2,'2311822106','preguntas/pregunta_2311822106.docx',11,82,23,'2025-09-19 08:58:34.921741',1,'A',0),
(1699,2,'2311822107','preguntas/pregunta_2311822107.docx',11,82,23,'2025-09-19 08:58:35.542994',1,'A',0),
(1700,2,'2311822108','preguntas/pregunta_2311822108.docx',11,82,23,'2025-09-19 08:58:35.770306',1,'A',0),
(1701,2,'2311822109','preguntas/pregunta_2311822109.docx',11,82,23,'2025-09-19 08:58:35.988130',1,'A',0),
(1702,2,'2311822110','preguntas/pregunta_2311822110.docx',11,82,23,'2025-09-19 08:58:36.240042',1,'A',0),
(1703,2,'2311822111','preguntas/pregunta_2311822111.docx',11,82,23,'2025-09-19 08:58:36.457236',1,'A',0),
(1704,2,'2311822112','preguntas/pregunta_2311822112.docx',11,82,23,'2025-09-19 08:58:36.656916',1,'A',0),
(1705,2,'2311822113','preguntas/pregunta_2311822113.docx',11,82,23,'2025-09-19 08:58:36.849222',1,'A',0),
(1706,2,'2311822114','preguntas/pregunta_2311822114.docx',11,82,23,'2025-09-19 09:01:09.128574',1,'A',0),
(1707,2,'2311822115','preguntas/pregunta_2311822115.docx',11,82,23,'2025-09-19 09:01:09.437856',1,'A',0),
(1708,2,'2311822116','preguntas/pregunta_2311822116.docx',11,82,23,'2025-09-19 09:01:09.686816',1,'A',0),
(1709,2,'2311822117','preguntas/pregunta_2311822117.docx',11,82,23,'2025-09-19 09:01:09.931868',1,'A',0),
(1710,2,'2311822118','preguntas/pregunta_2311822118.docx',11,82,23,'2025-09-19 09:01:10.219873',1,'A',0),
(1711,2,'2311822119','preguntas/pregunta_2311822119.docx',11,82,23,'2025-09-19 09:01:10.484360',1,'A',0),
(1712,2,'2311822120','preguntas/pregunta_2311822120.docx',11,82,23,'2025-09-19 09:01:10.694896',1,'A',0),
(1713,2,'2311822121','preguntas/pregunta_2311822121.docx',11,82,23,'2025-09-19 09:01:10.977016',1,'A',0),
(1714,2,'2311822122','preguntas/pregunta_2311822122.docx',11,82,23,'2025-09-19 09:01:11.222621',1,'A',0),
(1715,2,'2311822123','preguntas/pregunta_2311822123.docx',11,82,23,'2025-09-19 09:01:11.450039',1,'A',0),
(1716,2,'2311822124','preguntas/pregunta_2311822124.docx',11,82,23,'2025-09-19 09:01:11.846153',1,'A',0),
(1717,2,'2311822125','preguntas/pregunta_2311822125.docx',11,82,23,'2025-09-19 09:01:12.054194',1,'A',0),
(1718,2,'2311822126','preguntas/pregunta_2311822126.docx',11,82,23,'2025-09-19 09:01:12.254480',1,'A',0),
(1719,2,'2311822127','preguntas/pregunta_2311822127.docx',11,82,23,'2025-09-19 09:01:12.498857',1,'A',0),
(1720,2,'2311822128','preguntas/pregunta_2311822128.docx',11,82,23,'2025-09-19 09:01:12.740580',1,'A',0),
(1721,2,'2311822129','preguntas/pregunta_2311822129.docx',11,82,23,'2025-09-19 09:01:12.986834',1,'A',0),
(1722,2,'2311822130','preguntas/pregunta_2311822130.docx',11,82,23,'2025-09-19 09:01:13.239574',1,'A',0),
(1723,2,'2311822131','preguntas/pregunta_2311822131.docx',11,82,23,'2025-09-19 09:01:13.472087',1,'A',0),
(1724,2,'2311822132','preguntas/pregunta_2311822132.docx',11,82,23,'2025-09-19 09:01:13.700081',1,'A',0),
(1725,2,'2311822133','preguntas/pregunta_2311822133.docx',11,82,23,'2025-09-19 09:01:14.042561',1,'A',0),
(1726,2,'2311822134','preguntas/pregunta_2311822134.docx',11,82,23,'2025-09-19 09:01:14.312609',1,'A',0),
(1727,2,'2311822135','preguntas/pregunta_2311822135.docx',11,82,23,'2025-09-19 09:01:14.583227',1,'A',0),
(1728,2,'2311822136','preguntas/pregunta_2311822136.docx',11,82,23,'2025-09-19 09:01:14.870363',1,'A',0),
(1729,2,'2311822137','preguntas/pregunta_2311822137.docx',11,82,23,'2025-09-19 09:01:15.144228',1,'A',0),
(1730,2,'2311822138','preguntas/pregunta_2311822138.docx',11,82,23,'2025-09-19 09:01:15.394517',1,'A',0),
(1731,2,'2311822139','preguntas/pregunta_2311822139.docx',11,82,23,'2025-09-19 09:01:15.683540',1,'A',0),
(1732,2,'2311822140','preguntas/pregunta_2311822140.docx',11,82,23,'2025-09-19 09:01:15.912300',1,'A',0),
(1733,2,'2311822141','preguntas/pregunta_2311822141.docx',11,82,23,'2025-09-19 09:01:16.164752',1,'A',0),
(1734,2,'2311822142','preguntas/pregunta_2311822142.docx',11,82,23,'2025-09-19 09:01:16.447647',1,'A',0),
(1735,2,'2311822143','preguntas/pregunta_2311822143.docx',11,82,23,'2025-09-19 09:01:16.640021',1,'A',0),
(1736,2,'2311822144','preguntas/pregunta_2311822144.docx',11,82,23,'2025-09-19 09:01:16.837043',1,'A',0),
(1737,2,'2311822145','preguntas/pregunta_2311822145.docx',11,82,23,'2025-09-19 09:01:17.109914',1,'A',0),
(1738,2,'2311822146','preguntas/pregunta_2311822146.docx',11,82,23,'2025-09-19 09:01:17.344715',1,'A',0),
(1739,2,'2311822147','preguntas/pregunta_2311822147.docx',11,82,23,'2025-09-19 09:01:17.594682',1,'A',0),
(1740,2,'2311822148','preguntas/pregunta_2311822148.docx',11,82,23,'2025-09-19 09:01:17.879443',1,'A',0),
(1741,2,'2311822149','preguntas/pregunta_2311822149.docx',11,82,23,'2025-09-19 09:01:18.148888',1,'A',0),
(1742,2,'2311822150','preguntas/pregunta_2311822150.docx',11,82,23,'2025-09-19 09:01:18.408104',1,'A',0),
(1743,2,'2311822151','preguntas/pregunta_2311822151.docx',11,82,23,'2025-09-19 09:01:18.700995',1,'A',0),
(1744,2,'2311822152','preguntas/pregunta_2311822152.docx',11,82,23,'2025-09-19 09:01:18.855061',1,'A',0),
(1745,2,'2311822153','preguntas/pregunta_2311822153.docx',11,82,23,'2025-09-19 09:01:19.024281',1,'A',0),
(1746,2,'2311822154','preguntas/pregunta_2311822154.docx',11,82,23,'2025-09-19 09:01:19.288559',1,'A',0),
(1747,2,'2311822155','preguntas/pregunta_2311822155.docx',11,82,23,'2025-09-19 09:01:19.503831',1,'A',0),
(1748,2,'2311822156','preguntas/pregunta_2311822156.docx',11,82,23,'2025-09-19 09:01:19.757439',1,'A',0),
(1749,2,'2311822157','preguntas/pregunta_2311822157.docx',11,82,23,'2025-09-19 09:01:20.032236',1,'A',0),
(1750,2,'2311822158','preguntas/pregunta_2311822158.docx',11,82,23,'2025-09-19 09:01:20.244212',1,'A',0),
(1751,2,'2311822159','preguntas/pregunta_2311822159.docx',11,82,23,'2025-09-19 09:01:20.480732',1,'A',0),
(1752,2,'2311822160','preguntas/pregunta_2311822160.docx',11,82,23,'2025-09-19 09:01:21.019922',1,'A',0),
(1753,2,'2311822161','preguntas/pregunta_2311822161.docx',11,82,23,'2025-09-19 09:01:21.271824',1,'A',0),
(1754,2,'2311822162','preguntas/pregunta_2311822162.docx',11,82,23,'2025-09-19 09:01:21.497458',1,'A',0),
(1755,2,'2311822163','preguntas/pregunta_2311822163.docx',11,82,23,'2025-09-19 09:01:21.784351',1,'A',0),
(1756,2,'2311822164','preguntas/pregunta_2311822164.docx',11,82,23,'2025-09-19 09:01:22.060722',1,'A',0),
(1757,2,'2311822165','preguntas/pregunta_2311822165.docx',11,82,23,'2025-09-19 09:01:22.299267',1,'A',0),
(1758,2,'2311822166','preguntas/pregunta_2311822166.docx',11,82,23,'2025-09-19 09:01:22.522646',1,'A',0),
(1759,2,'2311822167','preguntas/pregunta_2311822167.docx',11,82,23,'2025-09-19 09:01:22.710887',1,'A',0),
(1760,2,'2311822168','preguntas/pregunta_2311822168.docx',11,82,23,'2025-09-19 09:01:22.944177',1,'A',0),
(1761,2,'2311822169','preguntas/pregunta_2311822169.docx',11,82,23,'2025-09-19 09:01:23.189693',1,'A',0),
(1762,2,'2311822170','preguntas/pregunta_2311822170.docx',11,82,23,'2025-09-19 09:01:23.412100',1,'A',0),
(1763,2,'2311822171','preguntas/pregunta_2311822171.docx',11,82,23,'2025-09-19 09:01:23.635835',1,'A',0),
(1764,2,'2311822172','preguntas/pregunta_2311822172.docx',11,82,23,'2025-09-19 09:01:23.876741',1,'A',0),
(1765,2,'2311822173','preguntas/pregunta_2311822173.docx',11,82,23,'2025-09-19 09:01:24.083590',1,'A',0),
(1766,2,'2311822174','preguntas/pregunta_2311822174.docx',11,82,23,'2025-09-19 09:01:24.298492',1,'A',0),
(1767,2,'2311822175','preguntas/pregunta_2311822175.docx',11,82,23,'2025-09-19 09:01:24.562772',1,'A',0),
(1768,2,'2311822176','preguntas/pregunta_2311822176.docx',11,82,23,'2025-09-19 09:01:24.813179',1,'A',0),
(1769,2,'2311822177','preguntas/pregunta_2311822177.docx',11,82,23,'2025-09-19 09:01:25.065703',1,'A',0),
(1770,2,'2311822178','preguntas/pregunta_2311822178.docx',11,82,23,'2025-09-19 09:01:25.337348',1,'A',0),
(1771,2,'2311822179','preguntas/pregunta_2311822179.docx',11,82,23,'2025-09-19 09:01:25.586741',1,'A',0),
(1772,2,'2311822180','preguntas/pregunta_2311822180.docx',11,82,23,'2025-09-19 09:01:25.814988',1,'A',0),
(1773,2,'2311822181','preguntas/pregunta_2311822181.docx',11,82,23,'2025-09-19 09:01:26.076430',1,'A',0),
(1774,2,'2311822182','preguntas/pregunta_2311822182.docx',11,82,23,'2025-09-19 09:01:26.259256',1,'A',0),
(1775,2,'2311822183','preguntas/pregunta_2311822183.docx',11,82,23,'2025-09-19 09:01:26.427787',1,'A',0),
(1776,2,'2311822184','preguntas/pregunta_2311822184.docx',11,82,23,'2025-09-19 09:01:26.690852',1,'A',0),
(1777,2,'2311822185','preguntas/pregunta_2311822185.docx',11,82,23,'2025-09-19 09:01:26.883756',1,'A',0),
(1778,2,'2311822186','preguntas/pregunta_2311822186.docx',11,82,23,'2025-09-19 09:01:27.109555',1,'A',0),
(1779,2,'2311822187','preguntas/pregunta_2311822187.docx',11,82,23,'2025-09-19 09:01:27.339338',1,'A',0),
(1780,2,'2311822188','preguntas/pregunta_2311822188.docx',11,82,23,'2025-09-19 09:01:27.567934',1,'A',0),
(1781,2,'2311822189','preguntas/pregunta_2311822189.docx',11,82,23,'2025-09-19 09:01:27.780971',1,'A',0),
(1782,2,'2311822190','preguntas/pregunta_2311822190.docx',11,82,23,'2025-09-19 09:01:28.018492',1,'A',0),
(1783,2,'2311822191','preguntas/pregunta_2311822191.docx',11,82,23,'2025-09-19 09:01:28.213884',1,'A',0),
(1784,2,'2311822192','preguntas/pregunta_2311822192.docx',11,82,23,'2025-09-19 09:01:28.418967',1,'A',0),
(1785,2,'2311822193','preguntas/pregunta_2311822193.docx',11,82,23,'2025-09-19 09:01:28.661081',1,'A',0),
(1786,2,'2311822194','preguntas/pregunta_2311822194.docx',11,82,23,'2025-09-19 09:01:28.879611',1,'A',0),
(1787,2,'2311822195','preguntas/pregunta_2311822195.docx',11,82,23,'2025-09-19 09:01:29.116145',1,'A',0),
(1788,2,'2311822196','preguntas/pregunta_2311822196.docx',11,82,23,'2025-09-19 09:01:29.712110',1,'A',0),
(1789,2,'2311822197','preguntas/pregunta_2311822197.docx',11,82,23,'2025-09-19 09:01:29.928612',1,'A',0),
(1790,2,'2311822198','preguntas/pregunta_2311822198.docx',11,82,23,'2025-09-19 09:01:30.140809',1,'A',0),
(1791,2,'2311822199','preguntas/pregunta_2311822199.docx',11,82,23,'2025-09-19 09:01:30.413072',1,'A',0),
(1792,2,'2311822200','preguntas/pregunta_2311822200.docx',11,82,23,'2025-09-19 09:01:30.632047',1,'A',0),
(1793,2,'2311822201','preguntas/pregunta_2311822201.docx',11,82,23,'2025-09-19 09:01:30.840127',1,'A',0),
(1794,2,'2311822202','preguntas/pregunta_2311822202.docx',11,82,23,'2025-09-19 09:01:31.090819',1,'A',0),
(1795,2,'2311822203','preguntas/pregunta_2311822203.docx',11,82,23,'2025-09-19 09:01:31.318434',1,'A',0),
(1796,2,'2311822204','preguntas/pregunta_2311822204.docx',11,82,23,'2025-09-19 09:01:31.532748',1,'A',0),
(1797,2,'2311822205','preguntas/pregunta_2311822205.docx',11,82,23,'2025-09-19 09:01:31.761203',1,'A',0),
(1798,2,'2311822206','preguntas/pregunta_2311822206.docx',11,82,23,'2025-09-19 09:01:31.979821',1,'A',0),
(1799,2,'2311822207','preguntas/pregunta_2311822207.docx',11,82,23,'2025-09-19 09:01:32.216962',1,'A',0),
(1800,2,'2311822208','preguntas/pregunta_2311822208.docx',11,82,23,'2025-09-19 09:01:32.465356',1,'A',0),
(1801,2,'2311822209','preguntas/pregunta_2311822209.docx',11,82,23,'2025-09-19 09:01:32.670638',1,'A',0),
(1802,2,'2311822210','preguntas/pregunta_2311822210.docx',11,82,23,'2025-09-19 09:01:32.886490',1,'A',0),
(1803,2,'2311822211','preguntas/pregunta_2311822211.docx',11,82,23,'2025-09-19 09:01:33.114840',1,'A',0),
(1804,2,'2311822212','preguntas/pregunta_2311822212.docx',11,82,23,'2025-09-19 09:02:48.632532',1,'A',0),
(1805,2,'2311822213','preguntas/pregunta_2311822213.docx',11,82,23,'2025-09-19 09:02:48.825142',1,'A',0),
(1806,2,'2311822214','preguntas/pregunta_2311822214.docx',11,82,23,'2025-09-19 09:02:49.019171',1,'A',0),
(1807,2,'2311822215','preguntas/pregunta_2311822215.docx',11,82,23,'2025-09-19 09:02:49.199279',1,'A',0),
(1808,2,'2311822216','preguntas/pregunta_2311822216.docx',11,82,23,'2025-09-19 09:02:49.400288',1,'A',0),
(1809,2,'2311822217','preguntas/pregunta_2311822217.docx',11,82,23,'2025-09-19 09:02:49.598412',1,'A',0),
(1810,2,'2311822218','preguntas/pregunta_2311822218.docx',11,82,23,'2025-09-19 09:02:49.794603',1,'A',0),
(1811,2,'2311822219','preguntas/pregunta_2311822219.docx',11,82,23,'2025-09-19 09:02:50.012047',1,'A',0),
(1812,2,'2311822220','preguntas/pregunta_2311822220.docx',11,82,23,'2025-09-19 09:02:50.173237',1,'A',0),
(1813,2,'2311822221','preguntas/pregunta_2311822221.docx',11,82,23,'2025-09-19 09:02:50.352311',1,'A',0),
(1814,2,'2311822222','preguntas/pregunta_2311822222.docx',11,82,23,'2025-09-19 09:02:50.570112',1,'A',0),
(1815,2,'2311822223','preguntas/pregunta_2311822223.docx',11,82,23,'2025-09-19 09:02:50.730737',1,'A',0),
(1816,2,'2311822224','preguntas/pregunta_2311822224.docx',11,82,23,'2025-09-19 09:02:50.913030',1,'A',0),
(1817,2,'2311822225','preguntas/pregunta_2311822225.docx',11,82,23,'2025-09-19 09:02:51.136553',1,'A',0),
(1818,2,'2311822226','preguntas/pregunta_2311822226.docx',11,82,23,'2025-09-19 09:02:51.326639',1,'A',0),
(1819,2,'2311822227','preguntas/pregunta_2311822227.docx',11,82,23,'2025-09-19 09:02:51.508425',1,'A',0),
(1820,2,'2311822228','preguntas/pregunta_2311822228.docx',11,82,23,'2025-09-19 09:02:51.704461',1,'A',0),
(1821,2,'2311822229','preguntas/pregunta_2311822229.docx',11,82,23,'2025-09-19 09:02:51.891080',1,'A',0),
(1822,2,'2311822230','preguntas/pregunta_2311822230.docx',11,82,23,'2025-09-19 09:02:52.092569',1,'A',0),
(1823,2,'2311822231','preguntas/pregunta_2311822231.docx',11,82,23,'2025-09-19 09:02:52.437671',1,'A',0),
(1824,2,'2311822232','preguntas/pregunta_2311822232.docx',11,82,23,'2025-09-19 09:02:52.638125',1,'A',0),
(1825,2,'2311822233','preguntas/pregunta_2311822233.docx',11,82,23,'2025-09-19 09:02:52.817132',1,'A',0),
(1826,2,'2311822234','preguntas/pregunta_2311822234.docx',11,82,23,'2025-09-19 09:02:53.051424',1,'A',0),
(1827,2,'2311822235','preguntas/pregunta_2311822235.docx',11,82,23,'2025-09-19 09:02:53.252813',1,'A',0),
(1828,2,'2311822236','preguntas/pregunta_2311822236.docx',11,82,23,'2025-09-19 09:02:53.443829',1,'A',0),
(1829,2,'2311822237','preguntas/pregunta_2311822237.docx',11,82,23,'2025-09-19 09:02:53.630658',1,'A',0),
(1830,2,'2311822238','preguntas/pregunta_2311822238.docx',11,82,23,'2025-09-19 09:02:53.828762',1,'A',0),
(1831,2,'2311822239','preguntas/pregunta_2311822239.docx',11,82,23,'2025-09-19 09:02:54.025843',1,'A',0),
(1832,2,'2311822240','preguntas/pregunta_2311822240.docx',11,82,23,'2025-09-19 09:02:54.281154',1,'A',0),
(1833,2,'2311822241','preguntas/pregunta_2311822241.docx',11,82,23,'2025-09-19 09:02:54.477677',1,'A',0),
(1834,2,'2311822242','preguntas/pregunta_2311822242.docx',11,82,23,'2025-09-19 09:02:54.678561',1,'A',0),
(1835,2,'2311822243','preguntas/pregunta_2311822243.docx',11,82,23,'2025-09-19 09:02:54.892175',1,'A',0),
(1836,2,'2311822244','preguntas/pregunta_2311822244.docx',11,82,23,'2025-09-19 09:02:55.117307',1,'A',0),
(1837,2,'2311822245','preguntas/pregunta_2311822245.docx',11,82,23,'2025-09-19 09:02:55.323589',1,'A',0),
(1838,2,'2311822246','preguntas/pregunta_2311822246.docx',11,82,23,'2025-09-19 09:02:55.554668',1,'A',0),
(1839,2,'2311822247','preguntas/pregunta_2311822247.docx',11,82,23,'2025-09-19 09:02:55.753295',1,'A',0),
(1840,2,'2311822248','preguntas/pregunta_2311822248.docx',11,82,23,'2025-09-19 09:02:55.943674',1,'A',0),
(1841,2,'2311822249','preguntas/pregunta_2311822249.docx',11,82,23,'2025-09-19 09:02:56.180898',1,'A',0),
(1842,2,'2311822250','preguntas/pregunta_2311822250.docx',11,82,23,'2025-09-19 09:02:56.395309',1,'A',0),
(1843,2,'2311822251','preguntas/pregunta_2311822251.docx',11,82,23,'2025-09-19 09:02:56.588190',1,'A',0),
(1844,2,'2311822252','preguntas/pregunta_2311822252.docx',11,82,23,'2025-09-19 09:02:56.813929',1,'A',0),
(1845,2,'2311822253','preguntas/pregunta_2311822253.docx',11,82,23,'2025-09-19 09:02:57.014207',1,'A',0),
(1846,2,'2311822254','preguntas/pregunta_2311822254.docx',11,82,23,'2025-09-19 09:02:57.161968',1,'A',0),
(1847,2,'2311822255','preguntas/pregunta_2311822255.docx',11,82,23,'2025-09-19 09:02:57.382279',1,'A',0),
(1848,2,'2311822256','preguntas/pregunta_2311822256.docx',11,82,23,'2025-09-19 09:02:57.572958',1,'A',0),
(1849,2,'2311822257','preguntas/pregunta_2311822257.docx',11,82,23,'2025-09-19 09:02:57.784663',1,'A',0),
(1850,2,'2311822258','preguntas/pregunta_2311822258.docx',11,82,23,'2025-09-19 09:02:57.987367',1,'A',0),
(1851,2,'2311822259','preguntas/pregunta_2311822259.docx',11,82,23,'2025-09-19 09:02:58.183150',1,'A',0),
(1852,2,'2311822260','preguntas/pregunta_2311822260.docx',11,82,23,'2025-09-19 09:02:58.431174',1,'A',0),
(1853,2,'2311822261','preguntas/pregunta_2311822261.docx',11,82,23,'2025-09-19 09:02:58.650724',1,'A',0),
(1854,2,'2311822262','preguntas/pregunta_2311822262.docx',11,82,23,'2025-09-19 09:02:58.830348',1,'A',0),
(1855,2,'2311822263','preguntas/pregunta_2311822263.docx',11,82,23,'2025-09-19 09:02:59.034053',1,'A',0),
(1856,2,'2311822264','preguntas/pregunta_2311822264.docx',11,82,23,'2025-09-19 09:02:59.276311',1,'A',0),
(1857,2,'2311822265','preguntas/pregunta_2311822265.docx',11,82,23,'2025-09-19 09:02:59.468512',1,'A',0),
(1858,2,'2311822266','preguntas/pregunta_2311822266.docx',11,82,23,'2025-09-19 09:02:59.678352',1,'A',0),
(1859,2,'2311822267','preguntas/pregunta_2311822267.docx',11,82,23,'2025-09-19 09:03:00.148745',1,'A',0),
(1860,2,'2311822268','preguntas/pregunta_2311822268.docx',11,82,23,'2025-09-19 09:03:00.365130',1,'A',0),
(1861,2,'2311822269','preguntas/pregunta_2311822269.docx',11,82,23,'2025-09-19 09:03:00.592243',1,'A',0),
(1862,2,'2311822270','preguntas/pregunta_2311822270.docx',11,82,23,'2025-09-19 09:03:00.826799',1,'A',0),
(1863,2,'2311822271','preguntas/pregunta_2311822271.docx',11,82,23,'2025-09-19 09:03:01.032002',1,'A',0),
(1864,2,'2311822272','preguntas/pregunta_2311822272.docx',11,82,23,'2025-09-19 09:03:01.235475',1,'A',0),
(1865,2,'2311822273','preguntas/pregunta_2311822273.docx',11,82,23,'2025-09-19 09:03:01.514776',1,'A',0),
(1866,2,'2311822274','preguntas/pregunta_2311822274.docx',11,82,23,'2025-09-19 09:03:01.894764',1,'A',0),
(1867,2,'2311822275','preguntas/pregunta_2311822275.docx',11,82,23,'2025-09-19 09:03:02.246644',1,'A',0),
(1868,2,'2311822276','preguntas/pregunta_2311822276.docx',11,82,23,'2025-09-19 09:03:02.633006',1,'A',0),
(1869,2,'2311822277','preguntas/pregunta_2311822277.docx',11,82,23,'2025-09-19 09:03:03.031509',1,'A',0),
(1870,2,'2311822278','preguntas/pregunta_2311822278.docx',11,82,23,'2025-09-19 09:03:03.418580',1,'A',0),
(1871,2,'2311822279','preguntas/pregunta_2311822279.docx',11,82,23,'2025-09-19 09:03:04.027327',1,'A',0),
(1872,2,'2311822280','preguntas/pregunta_2311822280.docx',11,82,23,'2025-09-19 09:03:04.340210',1,'A',0),
(1873,2,'2311822281','preguntas/pregunta_2311822281.docx',11,82,23,'2025-09-19 09:03:04.577206',1,'A',0),
(1874,2,'2311822282','preguntas/pregunta_2311822282.docx',11,82,23,'2025-09-19 09:03:04.842173',1,'A',0),
(1875,2,'2311822283','preguntas/pregunta_2311822283.docx',11,82,23,'2025-09-19 09:03:05.153455',1,'A',0),
(1876,2,'2311822284','preguntas/pregunta_2311822284.docx',11,82,23,'2025-09-19 09:03:05.380865',1,'A',0),
(1877,2,'2311822285','preguntas/pregunta_2311822285.docx',11,82,23,'2025-09-19 09:03:05.676990',1,'A',0),
(1878,2,'2311822286','preguntas/pregunta_2311822286.docx',11,82,23,'2025-09-19 09:03:05.927456',1,'A',0),
(1879,2,'2311822287','preguntas/pregunta_2311822287.docx',11,82,23,'2025-09-19 09:03:06.159735',1,'A',0),
(1880,2,'2311822288','preguntas/pregunta_2311822288.docx',11,82,23,'2025-09-19 09:03:06.469385',1,'A',0),
(1881,2,'2311822289','preguntas/pregunta_2311822289.docx',11,82,23,'2025-09-19 09:03:06.721834',1,'A',0),
(1882,2,'2338321','preguntas/pregunta_2338321.docx',3,83,23,'2025-09-19 09:18:30.255257',1,'A',0),
(1883,2,'2338322','preguntas/pregunta_2338322.docx',3,83,23,'2025-09-19 09:18:30.521953',1,'A',0),
(1884,2,'2338323','preguntas/pregunta_2338323.docx',3,83,23,'2025-09-19 09:18:30.738473',1,'A',0),
(1885,2,'2338324','preguntas/pregunta_2338324.docx',3,83,23,'2025-09-19 09:18:30.949624',1,'A',0),
(1886,2,'2338325','preguntas/pregunta_2338325.docx',3,83,23,'2025-09-19 09:18:31.199598',1,'A',0),
(1887,2,'2338326','preguntas/pregunta_2338326.docx',3,83,23,'2025-09-19 09:18:31.384588',1,'A',0),
(1888,2,'2338327','preguntas/pregunta_2338327.docx',3,83,23,'2025-09-19 09:18:31.580763',1,'A',0),
(1889,2,'2338328','preguntas/pregunta_2338328.docx',3,83,23,'2025-09-19 09:18:31.859426',1,'A',0),
(1890,2,'2338329','preguntas/pregunta_2338329.docx',3,83,23,'2025-09-19 09:18:32.065814',1,'A',0),
(1891,2,'23383210','preguntas/pregunta_23383210.docx',3,83,23,'2025-09-19 09:18:32.258857',1,'A',0),
(1892,2,'23383211','preguntas/pregunta_23383211.docx',3,83,23,'2025-09-19 09:18:32.491358',1,'A',0),
(1893,2,'23383212','preguntas/pregunta_23383212.docx',3,83,23,'2025-09-19 09:18:32.717567',1,'A',0),
(1894,2,'23383213','preguntas/pregunta_23383213.docx',3,83,23,'2025-09-19 09:18:32.894759',1,'A',0),
(1895,2,'23383214','preguntas/pregunta_23383214.docx',3,83,23,'2025-09-19 09:18:33.141306',1,'A',0),
(1896,2,'23383215','preguntas/pregunta_23383215.docx',3,83,23,'2025-09-19 09:18:33.381514',1,'A',0),
(1897,2,'23383216','preguntas/pregunta_23383216.docx',3,83,23,'2025-09-19 09:18:33.572618',1,'A',0),
(1898,2,'23383217','preguntas/pregunta_23383217.docx',3,83,23,'2025-09-19 09:18:33.831098',1,'A',0),
(1899,2,'23383218','preguntas/pregunta_23383218.docx',3,83,23,'2025-09-19 09:18:34.035161',1,'A',0),
(1900,2,'23383219','preguntas/pregunta_23383219.docx',3,83,23,'2025-09-19 09:18:34.253852',1,'A',0),
(1901,2,'23383220','preguntas/pregunta_23383220.docx',3,83,23,'2025-09-19 09:18:34.504242',1,'A',0),
(1902,2,'23383221','preguntas/pregunta_23383221.docx',3,83,23,'2025-09-19 09:18:34.714068',1,'A',0),
(1903,2,'23383222','preguntas/pregunta_23383222.docx',3,83,23,'2025-09-19 09:18:34.942030',1,'A',0),
(1904,2,'23383223','preguntas/pregunta_23383223.docx',3,83,23,'2025-09-19 09:18:35.190757',1,'A',0),
(1905,2,'23383224','preguntas/pregunta_23383224.docx',3,83,23,'2025-09-19 09:18:35.377204',1,'A',0),
(1906,2,'23383225','preguntas/pregunta_23383225.docx',3,83,23,'2025-09-19 09:18:35.593088',1,'A',0),
(1907,2,'23383226','preguntas/pregunta_23383226.docx',3,83,23,'2025-09-19 09:18:35.850330',1,'A',0),
(1908,2,'23383227','preguntas/pregunta_23383227.docx',3,83,23,'2025-09-19 09:18:36.042113',1,'A',0),
(1909,2,'23383228','preguntas/pregunta_23383228.docx',3,83,23,'2025-09-19 09:18:36.259114',1,'A',0),
(1910,2,'23383229','preguntas/pregunta_23383229.docx',3,83,23,'2025-09-19 09:18:36.736317',1,'A',0),
(1911,2,'23383230','preguntas/pregunta_23383230.docx',3,83,23,'2025-09-19 09:18:36.956519',1,'A',0),
(1912,2,'23383231','preguntas/pregunta_23383231.docx',3,83,23,'2025-09-19 09:18:37.151470',1,'A',0),
(1913,2,'23383232','preguntas/pregunta_23383232.docx',3,83,23,'2025-09-19 09:18:37.393629',1,'A',0),
(1914,2,'23383233','preguntas/pregunta_23383233.docx',3,83,23,'2025-09-19 09:18:37.591764',1,'A',0),
(1915,2,'23383234','preguntas/pregunta_23383234.docx',3,83,23,'2025-09-19 09:18:37.787570',1,'A',0),
(1916,2,'23383235','preguntas/pregunta_23383235.docx',3,83,23,'2025-09-19 09:18:38.036659',1,'A',0),
(1917,2,'23383236','preguntas/pregunta_23383236.docx',3,83,23,'2025-09-19 09:18:38.233635',1,'A',0),
(1918,2,'23383237','preguntas/pregunta_23383237.docx',3,83,23,'2025-09-19 09:18:38.434090',1,'A',0),
(1919,2,'23383238','preguntas/pregunta_23383238.docx',3,83,23,'2025-09-19 09:18:38.678781',1,'A',0),
(1920,2,'23383239','preguntas/pregunta_23383239.docx',3,83,23,'2025-09-19 09:18:38.873179',1,'A',0),
(1921,2,'23383240','preguntas/pregunta_23383240.docx',3,83,23,'2025-09-19 09:18:39.078355',1,'A',0),
(1922,2,'23383241','preguntas/pregunta_23383241.docx',3,83,23,'2025-09-19 09:18:39.335986',1,'A',0),
(1923,2,'23383242','preguntas/pregunta_23383242.docx',3,83,23,'2025-09-19 09:18:39.566788',1,'A',0),
(1924,2,'23383243','preguntas/pregunta_23383243.docx',3,83,23,'2025-09-19 09:18:39.811308',1,'A',0),
(1925,2,'23383244','preguntas/pregunta_23383244.docx',3,83,23,'2025-09-19 09:18:40.074298',1,'A',0),
(1926,2,'23383245','preguntas/pregunta_23383245.docx',3,83,23,'2025-09-19 09:18:40.283801',1,'A',0),
(1927,2,'23383246','preguntas/pregunta_23383246.docx',3,83,23,'2025-09-19 09:18:40.501939',1,'A',0),
(1928,2,'23383247','preguntas/pregunta_23383247.docx',3,83,23,'2025-09-19 09:18:40.735309',1,'A',0),
(1929,2,'23383248','preguntas/pregunta_23383248.docx',3,83,23,'2025-09-19 09:18:40.930174',1,'A',0),
(1930,2,'23383249','preguntas/pregunta_23383249.docx',3,83,23,'2025-09-19 09:18:41.137293',1,'A',0),
(1931,2,'23383250','preguntas/pregunta_23383250.docx',3,83,23,'2025-09-19 09:18:41.399811',1,'A',0),
(1932,2,'23383251','preguntas/pregunta_23383251.docx',3,83,23,'2025-09-19 09:18:41.605948',1,'A',0),
(1933,2,'23383252','preguntas/pregunta_23383252.docx',3,83,23,'2025-09-19 09:18:41.781476',1,'A',0),
(1934,2,'23383253','preguntas/pregunta_23383253.docx',3,83,23,'2025-09-19 09:18:42.020541',1,'A',0),
(1935,2,'23383254','preguntas/pregunta_23383254.docx',3,83,23,'2025-09-19 09:18:42.219699',1,'A',0),
(1936,2,'23383255','preguntas/pregunta_23383255.docx',3,83,23,'2025-09-19 09:18:42.406991',1,'A',0),
(1937,2,'23383256','preguntas/pregunta_23383256.docx',3,83,23,'2025-09-19 09:18:42.688601',1,'A',0),
(1938,2,'23383257','preguntas/pregunta_23383257.docx',3,83,23,'2025-09-19 09:18:42.887910',1,'A',0),
(1939,2,'23383258','preguntas/pregunta_23383258.docx',3,83,23,'2025-09-19 09:18:43.050291',1,'A',0),
(1940,2,'23383259','preguntas/pregunta_23383259.docx',3,83,23,'2025-09-19 09:18:43.280807',1,'A',0),
(1941,2,'23383260','preguntas/pregunta_23383260.docx',3,83,23,'2025-09-19 09:18:43.481919',1,'A',0),
(1942,2,'23383261','preguntas/pregunta_23383261.docx',3,83,23,'2025-09-19 09:18:43.653199',1,'A',0),
(1943,2,'23383262','preguntas/pregunta_23383262.docx',3,83,23,'2025-09-19 09:18:43.885497',1,'A',0),
(1944,2,'23383263','preguntas/pregunta_23383263.docx',3,83,23,'2025-09-19 09:18:44.097180',1,'A',0),
(1945,2,'23383264','preguntas/pregunta_23383264.docx',3,83,23,'2025-09-19 09:18:44.315325',1,'A',0),
(1946,2,'23383265','preguntas/pregunta_23383265.docx',3,83,23,'2025-09-19 09:18:44.867475',1,'A',0),
(1947,2,'23383266','preguntas/pregunta_23383266.docx',3,83,23,'2025-09-19 09:18:45.040777',1,'A',0),
(1948,2,'23383267','preguntas/pregunta_23383267.docx',3,83,23,'2025-09-19 09:18:45.213677',1,'A',0),
(1949,2,'23383268','preguntas/pregunta_23383268.docx',3,83,23,'2025-09-19 09:18:45.427352',1,'A',0),
(1950,2,'23383269','preguntas/pregunta_23383269.docx',3,83,23,'2025-09-19 09:18:45.590283',1,'A',0),
(1951,2,'23383270','preguntas/pregunta_23383270.docx',3,83,23,'2025-09-19 09:18:45.752158',1,'A',0),
(1952,2,'23383271','preguntas/pregunta_23383271.docx',3,83,23,'2025-09-19 09:18:45.944281',1,'A',0),
(1953,2,'23383272','preguntas/pregunta_23383272.docx',3,83,23,'2025-09-19 09:18:46.101914',1,'A',0),
(1954,2,'23383273','preguntas/pregunta_23383273.docx',3,83,23,'2025-09-19 09:18:46.317807',1,'A',0),
(1955,2,'23383274','preguntas/pregunta_23383274.docx',3,83,23,'2025-09-19 09:18:46.541041',1,'A',0),
(1956,2,'23383275','preguntas/pregunta_23383275.docx',3,83,23,'2025-09-19 09:18:46.731882',1,'A',0),
(1957,2,'23383276','preguntas/pregunta_23383276.docx',3,83,23,'2025-09-19 09:18:46.918658',1,'A',0),
(1958,2,'23383277','preguntas/pregunta_23383277.docx',3,83,23,'2025-09-19 09:18:47.145166',1,'A',0),
(1959,2,'23383278','preguntas/pregunta_23383278.docx',3,83,23,'2025-09-19 09:18:47.327538',1,'A',0),
(1960,2,'23383279','preguntas/pregunta_23383279.docx',3,83,23,'2025-09-19 09:18:47.512218',1,'A',0),
(1961,2,'23383280','preguntas/pregunta_23383280.docx',3,83,23,'2025-09-19 09:18:47.744755',1,'A',0),
(1962,2,'23383281','preguntas/pregunta_23383281.docx',3,83,23,'2025-09-19 09:18:47.950022',1,'A',0),
(1963,2,'23383282','preguntas/pregunta_23383282.docx',3,83,23,'2025-09-19 09:18:48.131530',1,'A',0),
(1964,2,'23383283','preguntas/pregunta_23383283.docx',3,83,23,'2025-09-19 09:18:48.390213',1,'A',0),
(1965,2,'23383284','preguntas/pregunta_23383284.docx',3,83,23,'2025-09-19 09:18:48.602205',1,'A',0),
(1966,2,'23383285','preguntas/pregunta_23383285.docx',3,83,23,'2025-09-19 09:18:48.775353',1,'A',0),
(1967,2,'23383286','preguntas/pregunta_23383286.docx',3,83,23,'2025-09-19 09:18:49.016069',1,'A',0),
(1968,2,'23383287','preguntas/pregunta_23383287.docx',3,83,23,'2025-09-19 09:18:49.227847',1,'A',0),
(1969,2,'23383288','preguntas/pregunta_23383288.docx',3,83,23,'2025-09-19 09:18:49.398839',1,'A',0),
(1970,2,'23383289','preguntas/pregunta_23383289.docx',3,83,23,'2025-09-19 09:18:49.654241',1,'A',0),
(1971,2,'23383290','preguntas/pregunta_23383290.docx',3,83,23,'2025-09-19 09:18:49.853166',1,'A',0),
(1972,2,'23383291','preguntas/pregunta_23383291.docx',3,83,23,'2025-09-19 09:18:50.059014',1,'A',0),
(1973,2,'23383292','preguntas/pregunta_23383292.docx',3,83,23,'2025-09-19 09:18:50.309430',1,'A',0),
(1974,2,'23383293','preguntas/pregunta_23383293.docx',3,83,23,'2025-09-19 09:18:50.517617',1,'A',0),
(1975,2,'23383294','preguntas/pregunta_23383294.docx',3,83,23,'2025-09-19 09:18:50.710509',1,'A',0),
(1976,2,'23383295','preguntas/pregunta_23383295.docx',3,83,23,'2025-09-19 09:18:50.941561',1,'A',0),
(1977,2,'23383296','preguntas/pregunta_23383296.docx',3,83,23,'2025-09-19 09:18:51.091672',1,'A',0),
(1978,2,'23383297','preguntas/pregunta_23383297.docx',3,83,23,'2025-09-19 09:18:51.258746',1,'A',0),
(1979,2,'23383298','preguntas/pregunta_23383298.docx',3,83,23,'2025-09-19 09:18:51.489460',1,'A',0),
(1980,2,'23383299','preguntas/pregunta_23383299.docx',3,83,23,'2025-09-19 09:18:51.700655',1,'A',0),
(1981,2,'233832100','preguntas/pregunta_233832100.docx',3,83,23,'2025-09-19 09:18:51.920744',1,'A',0),
(1982,2,'233832101','preguntas/pregunta_233832101.docx',3,83,23,'2025-09-19 09:18:52.488700',1,'A',0),
(1983,2,'233832102','preguntas/pregunta_233832102.docx',3,83,23,'2025-09-19 09:18:52.708619',1,'A',0),
(1984,2,'233832103','preguntas/pregunta_233832103.docx',3,83,23,'2025-09-19 09:18:52.929573',1,'A',0),
(1985,2,'233832104','preguntas/pregunta_233832104.docx',3,83,23,'2025-09-19 09:18:53.181790',1,'A',0),
(1986,2,'233832105','preguntas/pregunta_233832105.docx',3,83,23,'2025-09-19 09:18:53.380180',1,'A',0),
(1987,2,'233832106','preguntas/pregunta_233832106.docx',3,83,23,'2025-09-19 09:18:53.604531',1,'A',0),
(1988,2,'233832107','preguntas/pregunta_233832107.docx',3,83,23,'2025-09-19 09:18:53.876138',1,'A',0),
(1989,2,'233832108','preguntas/pregunta_233832108.docx',3,83,23,'2025-09-19 09:18:54.089591',1,'A',0),
(1990,2,'233832109','preguntas/pregunta_233832109.docx',3,83,23,'2025-09-19 09:18:54.302707',1,'A',0),
(1991,2,'233832110','preguntas/pregunta_233832110.docx',3,83,23,'2025-09-19 09:18:54.550900',1,'A',0),
(1992,2,'233832111','preguntas/pregunta_233832111.docx',3,83,23,'2025-09-19 09:18:54.740666',1,'A',0),
(1993,2,'233832112','preguntas/pregunta_233832112.docx',3,83,23,'2025-09-19 09:18:54.934593',1,'A',0),
(1994,2,'233832113','preguntas/pregunta_233832113.docx',3,83,23,'2025-09-19 09:18:55.165810',1,'A',0),
(1995,2,'233832114','preguntas/pregunta_233832114.docx',3,83,23,'2025-09-19 09:18:55.361532',1,'A',0),
(1996,2,'233832115','preguntas/pregunta_233832115.docx',3,83,23,'2025-09-19 09:18:55.558072',1,'A',0),
(1997,2,'233832116','preguntas/pregunta_233832116.docx',3,83,23,'2025-09-19 09:18:55.819108',1,'A',0),
(1998,2,'233832117','preguntas/pregunta_233832117.docx',3,83,23,'2025-09-19 09:18:55.997607',1,'A',0),
(1999,2,'233832118','preguntas/pregunta_233832118.docx',3,83,23,'2025-09-19 09:18:56.179834',1,'A',0),
(2000,2,'233832119','preguntas/pregunta_233832119.docx',3,83,23,'2025-09-19 09:18:56.395180',1,'A',0),
(2001,2,'233832120','preguntas/pregunta_233832120.docx',3,83,23,'2025-09-19 09:18:56.610959',1,'A',0),
(2002,2,'233832121','preguntas/pregunta_233832121.docx',3,83,23,'2025-09-19 09:18:56.824501',1,'A',0),
(2003,2,'233832122','preguntas/pregunta_233832122.docx',3,83,23,'2025-09-19 09:18:57.069655',1,'A',0),
(2004,2,'233832123','preguntas/pregunta_233832123.docx',3,83,23,'2025-09-19 09:18:57.260584',1,'A',0),
(2005,2,'233832124','preguntas/pregunta_233832124.docx',3,83,23,'2025-09-19 09:18:57.472795',1,'A',0),
(2006,2,'233832125','preguntas/pregunta_233832125.docx',3,83,23,'2025-09-19 09:18:57.726676',1,'A',0),
(2007,2,'233832126','preguntas/pregunta_233832126.docx',3,83,23,'2025-09-19 09:18:57.923351',1,'A',0),
(2008,2,'233832127','preguntas/pregunta_233832127.docx',3,83,23,'2025-09-19 09:18:58.128306',1,'A',0),
(2009,2,'233832128','preguntas/pregunta_233832128.docx',3,83,23,'2025-09-19 09:18:58.378727',1,'A',0),
(2010,2,'233832129','preguntas/pregunta_233832129.docx',3,83,23,'2025-09-19 09:18:58.598541',1,'A',0),
(2011,2,'233832130','preguntas/pregunta_233832130.docx',3,83,23,'2025-09-19 09:18:58.814746',1,'A',0),
(2012,2,'233832131','preguntas/pregunta_233832131.docx',3,83,23,'2025-09-19 09:18:59.061498',1,'A',0),
(2013,2,'233832132','preguntas/pregunta_233832132.docx',3,83,23,'2025-09-19 09:18:59.254837',1,'A',0),
(2014,2,'233832133','preguntas/pregunta_233832133.docx',3,83,23,'2025-09-19 09:18:59.459358',1,'A',0),
(2015,2,'233832134','preguntas/pregunta_233832134.docx',3,83,23,'2025-09-19 09:18:59.710299',1,'A',0),
(2016,2,'233832135','preguntas/pregunta_233832135.docx',3,83,23,'2025-09-19 09:24:11.992348',1,'A',0),
(2017,2,'233832136','preguntas/pregunta_233832136.docx',3,83,23,'2025-09-19 09:24:12.280521',1,'A',0),
(2018,2,'233832137','preguntas/pregunta_233832137.docx',3,83,23,'2025-09-19 09:24:12.504819',1,'A',0),
(2019,2,'233832138','preguntas/pregunta_233832138.docx',3,83,23,'2025-09-19 09:24:12.746325',1,'A',0),
(2020,2,'233832139','preguntas/pregunta_233832139.docx',3,83,23,'2025-09-19 09:24:12.986081',1,'A',0),
(2021,2,'233832140','preguntas/pregunta_233832140.docx',3,83,23,'2025-09-19 09:24:13.270519',1,'A',0),
(2022,2,'233832141','preguntas/pregunta_233832141.docx',3,83,23,'2025-09-19 09:24:13.489959',1,'A',0),
(2023,2,'233832142','preguntas/pregunta_233832142.docx',3,83,23,'2025-09-19 09:24:13.711485',1,'A',0),
(2024,2,'233832143','preguntas/pregunta_233832143.docx',3,83,23,'2025-09-19 09:24:14.061682',1,'A',0),
(2025,2,'233832144','preguntas/pregunta_233832144.docx',3,83,23,'2025-09-19 09:24:14.245893',1,'A',0),
(2026,2,'233832145','preguntas/pregunta_233832145.docx',3,83,23,'2025-09-19 09:24:14.426903',1,'A',0),
(2027,2,'233832146','preguntas/pregunta_233832146.docx',3,83,23,'2025-09-19 09:24:14.687763',1,'A',0),
(2028,2,'233832147','preguntas/pregunta_233832147.docx',3,83,23,'2025-09-19 09:24:14.921780',1,'A',0),
(2029,2,'233832148','preguntas/pregunta_233832148.docx',3,83,23,'2025-09-19 09:24:15.150212',1,'A',0),
(2030,2,'233832149','preguntas/pregunta_233832149.docx',3,83,23,'2025-09-19 09:24:15.403026',1,'A',0),
(2031,2,'233832150','preguntas/pregunta_233832150.docx',3,83,23,'2025-09-19 09:24:15.594462',1,'A',0),
(2032,2,'233832151','preguntas/pregunta_233832151.docx',3,83,23,'2025-09-19 09:24:15.777167',1,'A',0),
(2033,2,'233832152','preguntas/pregunta_233832152.docx',3,83,23,'2025-09-19 09:24:16.041112',1,'A',0),
(2034,2,'233832153','preguntas/pregunta_233832153.docx',3,83,23,'2025-09-19 09:24:16.275036',1,'A',0),
(2035,2,'233832154','preguntas/pregunta_233832154.docx',3,83,23,'2025-09-19 09:24:16.493753',1,'A',0),
(2036,2,'233832155','preguntas/pregunta_233832155.docx',3,83,23,'2025-09-19 09:24:16.781571',1,'A',0),
(2037,2,'233832156','preguntas/pregunta_233832156.docx',3,83,23,'2025-09-19 09:24:16.935074',1,'A',0),
(2038,2,'233832157','preguntas/pregunta_233832157.docx',3,83,23,'2025-09-19 09:24:17.094672',1,'A',0),
(2039,2,'233832158','preguntas/pregunta_233832158.docx',3,83,23,'2025-09-19 09:24:17.333529',1,'A',0),
(2040,2,'233832159','preguntas/pregunta_233832159.docx',3,83,23,'2025-09-19 09:24:17.553283',1,'A',0),
(2041,2,'233832160','preguntas/pregunta_233832160.docx',3,83,23,'2025-09-19 09:24:17.733067',1,'A',0),
(2042,2,'233832161','preguntas/pregunta_233832161.docx',3,83,23,'2025-09-19 09:24:17.945247',1,'A',0),
(2043,2,'233832162','preguntas/pregunta_233832162.docx',3,83,23,'2025-09-19 09:24:18.174300',1,'A',0),
(2044,2,'233832163','preguntas/pregunta_233832163.docx',3,83,23,'2025-09-19 09:24:18.398325',1,'A',0),
(2045,2,'233832164','preguntas/pregunta_233832164.docx',3,83,23,'2025-09-19 09:24:18.670737',1,'A',0),
(2046,2,'233832165','preguntas/pregunta_233832165.docx',3,83,23,'2025-09-19 09:24:18.910056',1,'A',0),
(2047,2,'233832166','preguntas/pregunta_233832166.docx',3,83,23,'2025-09-19 09:24:19.126990',1,'A',0),
(2048,2,'233832167','preguntas/pregunta_233832167.docx',3,83,23,'2025-09-19 09:24:19.386795',1,'A',0),
(2049,2,'233832168','preguntas/pregunta_233832168.docx',3,83,23,'2025-09-19 09:24:19.585482',1,'A',0),
(2050,2,'233832169','preguntas/pregunta_233832169.docx',3,83,23,'2025-09-19 09:24:19.804100',1,'A',0),
(2051,2,'233832170','preguntas/pregunta_233832170.docx',3,83,23,'2025-09-19 09:24:20.066700',1,'A',0),
(2052,2,'233832171','preguntas/pregunta_233832171.docx',3,83,23,'2025-09-19 09:24:20.273006',1,'A',0),
(2053,2,'233832172','preguntas/pregunta_233832172.docx',3,83,23,'2025-09-19 09:24:20.496328',1,'A',0),
(2054,2,'233832173','preguntas/pregunta_233832173.docx',3,83,23,'2025-09-19 09:24:20.750959',1,'A',0),
(2055,2,'233832174','preguntas/pregunta_233832174.docx',3,83,23,'2025-09-19 09:24:20.932486',1,'A',0),
(2056,2,'233832175','preguntas/pregunta_233832175.docx',3,83,23,'2025-09-19 09:24:21.118465',1,'A',0),
(2057,2,'233832176','preguntas/pregunta_233832176.docx',3,83,23,'2025-09-19 09:24:21.339248',1,'A',0),
(2058,2,'233832177','preguntas/pregunta_233832177.docx',3,83,23,'2025-09-19 09:24:21.564535',1,'A',0),
(2059,2,'233832178','preguntas/pregunta_233832178.docx',3,83,23,'2025-09-19 09:24:21.786059',1,'A',0),
(2060,2,'233832179','preguntas/pregunta_233832179.docx',3,83,23,'2025-09-19 09:24:22.307134',1,'A',0),
(2061,2,'233832180','preguntas/pregunta_233832180.docx',3,83,23,'2025-09-19 09:24:22.543690',1,'A',0),
(2062,2,'233832181','preguntas/pregunta_233832181.docx',3,83,23,'2025-09-19 09:24:22.749698',1,'A',0),
(2063,2,'233832182','preguntas/pregunta_233832182.docx',3,83,23,'2025-09-19 09:24:22.988070',1,'A',0),
(2064,2,'233832183','preguntas/pregunta_233832183.docx',3,83,23,'2025-09-19 09:24:23.201146',1,'A',0),
(2065,2,'233832184','preguntas/pregunta_233832184.docx',3,83,23,'2025-09-19 09:24:23.365068',1,'A',0),
(2066,2,'233832185','preguntas/pregunta_233832185.docx',3,83,23,'2025-09-19 09:24:23.602512',1,'A',0),
(2067,2,'233832186','preguntas/pregunta_233832186.docx',3,83,23,'2025-09-19 09:24:23.820489',1,'A',0),
(2068,2,'233832187','preguntas/pregunta_233832187.docx',3,83,23,'2025-09-19 09:24:24.033991',1,'A',0),
(2069,2,'233832188','preguntas/pregunta_233832188.docx',3,83,23,'2025-09-19 09:24:24.225756',1,'A',0),
(2070,2,'233832189','preguntas/pregunta_233832189.docx',3,83,23,'2025-09-19 09:24:24.444650',1,'A',0),
(2071,2,'233832190','preguntas/pregunta_233832190.docx',3,83,23,'2025-09-19 09:24:24.648595',1,'A',0),
(2072,2,'233832191','preguntas/pregunta_233832191.docx',3,83,23,'2025-09-19 09:24:24.887105',1,'A',0),
(2073,2,'233832192','preguntas/pregunta_233832192.docx',3,83,23,'2025-09-19 09:24:25.094713',1,'A',0),
(2074,2,'233832193','preguntas/pregunta_233832193.docx',3,83,23,'2025-09-19 09:24:25.287239',1,'A',0),
(2075,2,'233832194','preguntas/pregunta_233832194.docx',3,83,23,'2025-09-19 09:24:25.521965',1,'A',0),
(2076,2,'233832195','preguntas/pregunta_233832195.docx',3,83,23,'2025-09-19 09:24:25.722730',1,'A',0),
(2077,2,'233832196','preguntas/pregunta_233832196.docx',3,83,23,'2025-09-19 09:24:25.976721',1,'A',0),
(2078,2,'233832197','preguntas/pregunta_233832197.docx',3,83,23,'2025-09-19 09:24:26.190014',1,'A',0),
(2079,2,'233832198','preguntas/pregunta_233832198.docx',3,83,23,'2025-09-19 09:24:26.406759',1,'A',0),
(2080,2,'233832199','preguntas/pregunta_233832199.docx',3,83,23,'2025-09-19 09:24:26.618194',1,'A',0),
(2081,2,'233832200','preguntas/pregunta_233832200.docx',3,83,23,'2025-09-19 09:24:26.841057',1,'A',0),
(2082,2,'233832201','preguntas/pregunta_233832201.docx',3,83,23,'2025-09-19 09:24:27.030244',1,'A',0),
(2083,2,'233832202','preguntas/pregunta_233832202.docx',3,83,23,'2025-09-19 09:24:27.227588',1,'A',0),
(2084,2,'233832203','preguntas/pregunta_233832203.docx',3,83,23,'2025-09-19 09:24:27.489200',1,'A',0),
(2085,2,'233832204','preguntas/pregunta_233832204.docx',3,83,23,'2025-09-19 09:24:27.702238',1,'A',0),
(2086,2,'233832205','preguntas/pregunta_233832205.docx',3,83,23,'2025-09-19 09:24:27.896760',1,'A',0),
(2087,2,'233832206','preguntas/pregunta_233832206.docx',3,83,23,'2025-09-19 09:24:28.152022',1,'A',0),
(2088,2,'233832207','preguntas/pregunta_233832207.docx',3,83,23,'2025-09-19 09:24:28.344064',1,'A',0),
(2089,2,'233832208','preguntas/pregunta_233832208.docx',3,83,23,'2025-09-19 09:24:28.549996',1,'A',0),
(2090,2,'233832209','preguntas/pregunta_233832209.docx',3,83,23,'2025-09-19 09:24:28.790110',1,'A',0),
(2091,2,'233832210','preguntas/pregunta_233832210.docx',3,83,23,'2025-09-19 09:24:28.998652',1,'A',0),
(2092,2,'233832211','preguntas/pregunta_233832211.docx',3,83,23,'2025-09-19 09:24:29.201946',1,'A',0),
(2093,2,'233832212','preguntas/pregunta_233832212.docx',3,83,23,'2025-09-19 09:24:29.436875',1,'A',0),
(2094,2,'233832213','preguntas/pregunta_233832213.docx',3,83,23,'2025-09-19 09:24:29.622206',1,'A',0),
(2095,2,'233832214','preguntas/pregunta_233832214.docx',3,83,23,'2025-09-19 09:24:29.810879',1,'A',0),
(2096,2,'233832215','preguntas/pregunta_233832215.docx',3,83,23,'2025-09-19 09:24:30.258725',1,'A',0),
(2097,2,'233832216','preguntas/pregunta_233832216.docx',3,83,23,'2025-09-19 09:24:30.435081',1,'A',0),
(2098,2,'233832217','preguntas/pregunta_233832217.docx',3,83,23,'2025-09-19 09:24:30.623700',1,'A',0),
(2099,2,'233832218','preguntas/pregunta_233832218.docx',3,83,23,'2025-09-19 09:24:30.822554',1,'A',0),
(2100,2,'233832219','preguntas/pregunta_233832219.docx',3,83,23,'2025-09-19 09:24:31.027827',1,'A',0),
(2101,2,'233832220','preguntas/pregunta_233832220.docx',3,83,23,'2025-09-19 09:24:31.220753',1,'A',0),
(2102,2,'233832221','preguntas/pregunta_233832221.docx',3,83,23,'2025-09-19 09:24:31.450591',1,'A',0),
(2103,2,'233832222','preguntas/pregunta_233832222.docx',3,83,23,'2025-09-19 09:24:31.684262',1,'A',0),
(2104,2,'233832223','preguntas/pregunta_233832223.docx',3,83,23,'2025-09-19 09:24:31.898518',1,'A',0),
(2105,2,'233832224','preguntas/pregunta_233832224.docx',3,83,23,'2025-09-19 09:24:32.135549',1,'A',0),
(2106,2,'233832225','preguntas/pregunta_233832225.docx',3,83,23,'2025-09-19 09:24:32.343467',1,'A',0),
(2107,2,'233832226','preguntas/pregunta_233832226.docx',3,83,23,'2025-09-19 09:24:32.519181',1,'A',0),
(2108,2,'233832227','preguntas/pregunta_233832227.docx',3,83,23,'2025-09-19 09:25:50.445644',1,'A',0),
(2109,2,'233832228','preguntas/pregunta_233832228.docx',3,83,23,'2025-09-19 09:25:50.633804',1,'A',0),
(2110,2,'233832229','preguntas/pregunta_233832229.docx',3,83,23,'2025-09-19 09:25:50.801745',1,'A',0),
(2111,2,'233832230','preguntas/pregunta_233832230.docx',3,83,23,'2025-09-19 09:25:50.981826',1,'A',0),
(2112,2,'233832231','preguntas/pregunta_233832231.docx',3,83,23,'2025-09-19 09:25:51.189031',1,'A',0),
(2113,2,'233832232','preguntas/pregunta_233832232.docx',3,83,23,'2025-09-19 09:25:51.373151',1,'A',0),
(2114,2,'233832233','preguntas/pregunta_233832233.docx',3,83,23,'2025-09-19 09:25:51.528868',1,'A',0),
(2115,2,'233832234','preguntas/pregunta_233832234.docx',3,83,23,'2025-09-19 09:25:51.824538',1,'A',0),
(2116,2,'233832235','preguntas/pregunta_233832235.docx',3,83,23,'2025-09-19 09:25:52.021677',1,'A',0),
(2117,2,'233832236','preguntas/pregunta_233832236.docx',3,83,23,'2025-09-19 09:25:52.220640',1,'A',0),
(2118,2,'233832237','preguntas/pregunta_233832237.docx',3,83,23,'2025-09-19 09:25:52.442267',1,'A',0),
(2119,2,'233832238','preguntas/pregunta_233832238.docx',3,83,23,'2025-09-19 09:25:52.631061',1,'A',0),
(2120,2,'233832239','preguntas/pregunta_233832239.docx',3,83,23,'2025-09-19 09:25:52.802102',1,'A',0),
(2121,2,'233832240','preguntas/pregunta_233832240.docx',3,83,23,'2025-09-19 09:25:53.018809',1,'A',0),
(2122,2,'233832241','preguntas/pregunta_233832241.docx',3,83,23,'2025-09-19 09:25:53.209866',1,'A',0),
(2123,2,'233832242','preguntas/pregunta_233832242.docx',3,83,23,'2025-09-19 09:25:53.387962',1,'A',0),
(2124,2,'233832243','preguntas/pregunta_233832243.docx',3,83,23,'2025-09-19 09:25:53.607511',1,'A',0),
(2125,2,'233832244','preguntas/pregunta_233832244.docx',3,83,23,'2025-09-19 09:25:53.806219',1,'A',0),
(2126,2,'233832245','preguntas/pregunta_233832245.docx',3,83,23,'2025-09-19 09:25:53.985308',1,'A',0),
(2127,2,'233832246','preguntas/pregunta_233832246.docx',3,83,23,'2025-09-19 09:25:54.212166',1,'A',0),
(2128,2,'233832247','preguntas/pregunta_233832247.docx',3,83,23,'2025-09-19 09:25:54.407841',1,'A',0),
(2129,2,'233832248','preguntas/pregunta_233832248.docx',3,83,23,'2025-09-19 09:25:54.596786',1,'A',0),
(2130,2,'233832249','preguntas/pregunta_233832249.docx',3,83,23,'2025-09-19 09:25:54.795844',1,'A',0),
(2131,2,'233832250','preguntas/pregunta_233832250.docx',3,83,23,'2025-09-19 09:25:54.963273',1,'A',0),
(2132,2,'233832251','preguntas/pregunta_233832251.docx',3,83,23,'2025-09-19 09:25:55.165971',1,'A',0),
(2133,2,'233832252','preguntas/pregunta_233832252.docx',3,83,23,'2025-09-19 09:25:55.370718',1,'A',0),
(2134,2,'233832253','preguntas/pregunta_233832253.docx',3,83,23,'2025-09-19 09:25:55.555271',1,'A',0),
(2135,2,'233832254','preguntas/pregunta_233832254.docx',3,83,23,'2025-09-19 09:25:55.753766',1,'A',0),
(2136,2,'233832255','preguntas/pregunta_233832255.docx',3,83,23,'2025-09-19 09:25:55.934012',1,'A',0),
(2137,2,'233832256','preguntas/pregunta_233832256.docx',3,83,23,'2025-09-19 09:25:56.105202',1,'A',0),
(2138,2,'233832257','preguntas/pregunta_233832257.docx',3,83,23,'2025-09-19 09:25:56.254907',1,'A',0),
(2139,2,'233832258','preguntas/pregunta_233832258.docx',3,83,23,'2025-09-19 09:25:56.458199',1,'A',0),
(2140,2,'233832259','preguntas/pregunta_233832259.docx',3,83,23,'2025-09-19 09:25:56.632290',1,'A',0),
(2141,2,'233832260','preguntas/pregunta_233832260.docx',3,83,23,'2025-09-19 09:25:56.797456',1,'A',0),
(2142,2,'233832261','preguntas/pregunta_233832261.docx',3,83,23,'2025-09-19 09:25:56.988909',1,'A',0),
(2143,2,'233832262','preguntas/pregunta_233832262.docx',3,83,23,'2025-09-19 09:25:57.177897',1,'A',0),
(2144,2,'233832263','preguntas/pregunta_233832263.docx',3,83,23,'2025-09-19 09:25:57.368847',1,'A',0),
(2145,2,'233832264','preguntas/pregunta_233832264.docx',3,83,23,'2025-09-19 09:25:57.572809',1,'A',0),
(2146,2,'233832265','preguntas/pregunta_233832265.docx',3,83,23,'2025-09-19 09:25:57.751511',1,'A',0),
(2147,2,'233832266','preguntas/pregunta_233832266.docx',3,83,23,'2025-09-19 09:25:57.924111',1,'A',0),
(2148,2,'233832267','preguntas/pregunta_233832267.docx',3,83,23,'2025-09-19 09:25:58.115707',1,'A',0),
(2149,2,'233832268','preguntas/pregunta_233832268.docx',3,83,23,'2025-09-19 09:25:58.302286',1,'A',0),
(2150,2,'233832269','preguntas/pregunta_233832269.docx',3,83,23,'2025-09-19 09:25:58.493865',1,'A',0),
(2151,2,'233832270','preguntas/pregunta_233832270.docx',3,83,23,'2025-09-19 09:25:58.871118',1,'A',0),
(2152,2,'233832271','preguntas/pregunta_233832271.docx',3,83,23,'2025-09-19 09:25:59.042826',1,'A',0),
(2153,2,'233832272','preguntas/pregunta_233832272.docx',3,83,23,'2025-09-19 09:25:59.202936',1,'A',0),
(2154,2,'233832273','preguntas/pregunta_233832273.docx',3,83,23,'2025-09-19 09:25:59.389183',1,'A',0),
(2155,2,'233832274','preguntas/pregunta_233832274.docx',3,83,23,'2025-09-19 09:25:59.592964',1,'A',0),
(2156,2,'233832275','preguntas/pregunta_233832275.docx',3,83,23,'2025-09-19 09:25:59.773265',1,'A',0),
(2157,2,'233832276','preguntas/pregunta_233832276.docx',3,83,23,'2025-09-19 09:25:59.958086',1,'A',0),
(2158,2,'233832277','preguntas/pregunta_233832277.docx',3,83,23,'2025-09-19 09:26:00.151486',1,'A',0),
(2159,2,'233832278','preguntas/pregunta_233832278.docx',3,83,23,'2025-09-19 09:26:00.328793',1,'A',0),
(2160,2,'233832279','preguntas/pregunta_233832279.docx',3,83,23,'2025-09-19 09:26:00.540902',1,'A',0),
(2162,2,'1668422','preguntas/pregunta_1668422.docx',6,84,16,'2025-09-19 09:34:07.568822',1,'A',0),
(2163,2,'1668423','preguntas/pregunta_1668423.docx',6,84,16,'2025-09-19 09:34:07.786468',1,'A',0),
(2164,2,'1668424','preguntas/pregunta_1668424.docx',6,84,16,'2025-09-19 09:34:07.998210',1,'A',0),
(2165,2,'1668425','preguntas/pregunta_1668425.docx',6,84,16,'2025-09-19 09:34:08.281826',1,'A',0),
(2166,2,'1668426','preguntas/pregunta_1668426.docx',6,84,16,'2025-09-19 09:34:08.554593',1,'A',0),
(2167,2,'1668427','preguntas/pregunta_1668427.docx',6,84,16,'2025-09-19 09:34:08.843349',1,'A',0),
(2168,2,'1668428','preguntas/pregunta_1668428.docx',6,84,16,'2025-09-19 09:34:09.074955',1,'A',0),
(2169,2,'1668429','preguntas/pregunta_1668429.docx',6,84,16,'2025-09-19 09:34:09.348086',1,'A',0),
(2170,2,'16684210','preguntas/pregunta_16684210.docx',6,84,16,'2025-09-19 09:34:09.568708',1,'A',0),
(2171,2,'16684211','preguntas/pregunta_16684211.docx',6,84,16,'2025-09-19 09:34:10.051129',1,'A',0),
(2172,2,'16684212','preguntas/pregunta_16684212.docx',6,84,16,'2025-09-19 09:34:10.295148',1,'A',0),
(2173,2,'16684213','preguntas/pregunta_16684213.docx',6,84,16,'2025-09-19 09:34:10.730673',1,'A',0),
(2174,2,'16684214','preguntas/pregunta_16684214.docx',6,84,16,'2025-09-19 09:34:10.998815',1,'A',0),
(2175,2,'16684215','preguntas/pregunta_16684215.docx',6,84,16,'2025-09-19 09:34:11.274238',1,'A',0),
(2176,2,'16684216','preguntas/pregunta_16684216.docx',6,84,16,'2025-09-19 09:34:11.512695',1,'A',0),
(2177,2,'16684217','preguntas/pregunta_16684217.docx',6,84,16,'2025-09-19 09:34:11.779988',1,'A',0),
(2178,2,'16684218','preguntas/pregunta_16684218.docx',6,84,16,'2025-09-19 09:34:12.026052',1,'A',0),
(2179,2,'16684219','preguntas/pregunta_16684219.docx',6,84,16,'2025-09-19 09:34:12.265229',1,'A',0),
(2180,2,'16684220','preguntas/pregunta_16684220.docx',6,84,16,'2025-09-19 09:34:12.521076',1,'A',0),
(2181,2,'16684221','preguntas/pregunta_16684221.docx',6,84,16,'2025-09-19 09:34:12.803852',1,'A',0),
(2182,2,'16684222','preguntas/pregunta_16684222.docx',6,84,16,'2025-09-19 09:34:12.980077',1,'A',0),
(2183,2,'16684223','preguntas/pregunta_16684223.docx',6,84,16,'2025-09-19 09:34:13.243063',1,'A',0),
(2184,2,'16684224','preguntas/pregunta_16684224.docx',6,84,16,'2025-09-19 09:34:13.470947',1,'A',0),
(2185,2,'16684225','preguntas/pregunta_16684225.docx',6,84,16,'2025-09-19 09:34:13.688950',1,'A',0),
(2186,2,'16684226','preguntas/pregunta_16684226.docx',6,84,16,'2025-09-19 09:34:13.939806',1,'A',0),
(2187,2,'16684227','preguntas/pregunta_16684227.docx',6,84,16,'2025-09-19 09:34:14.223886',1,'A',0),
(2188,2,'16684228','preguntas/pregunta_16684228.docx',6,84,16,'2025-09-19 09:34:14.543709',1,'A',0),
(2189,2,'16684229','preguntas/pregunta_16684229.docx',6,84,16,'2025-09-19 09:34:14.825128',1,'A',0),
(2190,2,'16684230','preguntas/pregunta_16684230.docx',6,84,16,'2025-09-19 09:34:15.141480',1,'A',0),
(2191,2,'16684231','preguntas/pregunta_16684231.docx',6,84,16,'2025-09-19 09:34:15.870126',1,'A',0),
(2192,2,'16684232','preguntas/pregunta_16684232.docx',6,84,16,'2025-09-19 09:34:16.110957',1,'A',0),
(2193,2,'16684233','preguntas/pregunta_16684233.docx',6,84,16,'2025-09-19 09:34:16.365669',1,'A',0),
(2194,2,'16684234','preguntas/pregunta_16684234.docx',6,84,16,'2025-09-19 09:34:16.568332',1,'A',0),
(2195,2,'16684235','preguntas/pregunta_16684235.docx',6,84,16,'2025-09-19 09:34:16.782369',1,'A',0),
(2196,2,'16684236','preguntas/pregunta_16684236.docx',6,84,16,'2025-09-19 09:34:17.010563',1,'A',0),
(2197,2,'16684237','preguntas/pregunta_16684237.docx',6,84,16,'2025-09-19 09:34:17.300919',1,'A',0),
(2198,2,'16684238','preguntas/pregunta_16684238.docx',6,84,16,'2025-09-19 09:34:17.513033',1,'A',0),
(2199,2,'16684239','preguntas/pregunta_16684239.docx',6,84,16,'2025-09-19 09:34:17.739227',1,'A',0),
(2200,2,'16684240','preguntas/pregunta_16684240.docx',6,84,16,'2025-09-19 09:34:17.980750',1,'A',0),
(2201,2,'16684241','preguntas/pregunta_16684241.docx',6,84,16,'2025-09-19 09:34:18.214224',1,'A',0),
(2202,2,'16684242','preguntas/pregunta_16684242.docx',6,84,16,'2025-09-19 09:34:18.439023',1,'A',0),
(2203,2,'16684243','preguntas/pregunta_16684243.docx',6,84,16,'2025-09-19 09:34:18.696422',1,'A',0),
(2204,2,'16684244','preguntas/pregunta_16684244.docx',6,84,16,'2025-09-19 09:34:18.980123',1,'A',0),
(2205,2,'16684245','preguntas/pregunta_16684245.docx',6,84,16,'2025-09-19 09:34:19.248330',1,'A',0),
(2206,2,'16684246','preguntas/pregunta_16684246.docx',6,84,16,'2025-09-19 09:34:19.482853',1,'A',0),
(2207,2,'16684247','preguntas/pregunta_16684247.docx',6,84,16,'2025-09-19 09:34:19.726832',1,'A',0),
(2208,2,'16684248','preguntas/pregunta_16684248.docx',6,84,16,'2025-09-19 09:34:19.978080',1,'A',0),
(2209,2,'16684249','preguntas/pregunta_16684249.docx',6,84,16,'2025-09-19 09:34:20.637957',1,'A',0),
(2210,2,'16684250','preguntas/pregunta_16684250.docx',6,84,16,'2025-09-19 09:34:20.871929',1,'A',0),
(2211,2,'16684251','preguntas/pregunta_16684251.docx',6,84,16,'2025-09-19 09:34:21.094481',1,'A',0),
(2212,2,'16684252','preguntas/pregunta_16684252.docx',6,84,16,'2025-09-19 09:34:21.316725',1,'A',0),
(2213,2,'16684253','preguntas/pregunta_16684253.docx',6,84,16,'2025-09-19 09:34:21.599786',1,'A',0),
(2214,2,'16684254','preguntas/pregunta_16684254.docx',6,84,16,'2025-09-19 09:34:21.852441',1,'A',0),
(2215,2,'16684255','preguntas/pregunta_16684255.docx',6,84,16,'2025-09-19 09:34:22.114187',1,'A',0),
(2216,2,'16684256','preguntas/pregunta_16684256.docx',6,84,16,'2025-09-19 09:34:22.357616',1,'A',0),
(2217,2,'16684257','preguntas/pregunta_16684257.docx',6,84,16,'2025-09-19 09:34:22.607068',1,'A',0),
(2218,2,'16684258','preguntas/pregunta_16684258.docx',6,84,16,'2025-09-19 09:34:22.898763',1,'A',0),
(2219,2,'16684259','preguntas/pregunta_16684259.docx',6,84,16,'2025-09-19 09:34:23.150695',1,'A',0),
(2220,2,'16684260','preguntas/pregunta_16684260.docx',6,84,16,'2025-09-19 09:34:23.391907',1,'A',0),
(2221,2,'16684261','preguntas/pregunta_16684261.docx',6,84,16,'2025-09-19 09:34:23.636058',1,'A',0),
(2222,2,'16684262','preguntas/pregunta_16684262.docx',6,84,16,'2025-09-19 09:34:23.863188',1,'A',0),
(2223,2,'16684263','preguntas/pregunta_16684263.docx',6,84,16,'2025-09-19 09:34:24.086827',1,'A',0),
(2224,2,'16684264','preguntas/pregunta_16684264.docx',6,84,16,'2025-09-19 09:34:24.316832',1,'A',0),
(2225,2,'16684265','preguntas/pregunta_16684265.docx',6,84,16,'2025-09-19 09:34:24.532110',1,'A',0),
(2226,2,'16684266','preguntas/pregunta_16684266.docx',6,84,16,'2025-09-19 09:34:24.813085',1,'A',0),
(2227,2,'16684267','preguntas/pregunta_16684267.docx',6,84,16,'2025-09-19 09:34:25.472342',1,'A',0),
(2228,2,'16684268','preguntas/pregunta_16684268.docx',6,84,16,'2025-09-19 09:34:25.730419',1,'A',0),
(2229,2,'16684269','preguntas/pregunta_16684269.docx',6,84,16,'2025-09-19 09:34:25.981761',1,'A',0),
(2230,2,'16684270','preguntas/pregunta_16684270.docx',6,84,16,'2025-09-19 09:34:26.228261',1,'A',0),
(2231,2,'16684271','preguntas/pregunta_16684271.docx',6,84,16,'2025-09-19 09:34:26.454770',1,'A',0),
(2232,2,'16684272','preguntas/pregunta_16684272.docx',6,84,16,'2025-09-19 09:34:26.687937',1,'A',0),
(2233,2,'16684273','preguntas/pregunta_16684273.docx',6,84,16,'2025-09-19 09:34:26.901297',1,'A',0),
(2234,2,'16684274','preguntas/pregunta_16684274.docx',6,84,16,'2025-09-19 09:34:27.126547',1,'A',0),
(2235,2,'16684275','preguntas/pregunta_16684275.docx',6,84,16,'2025-09-19 09:34:27.353308',1,'A',0),
(2236,2,'16684276','preguntas/pregunta_16684276.docx',6,84,16,'2025-09-19 09:34:27.569501',1,'A',0),
(2237,2,'16684277','preguntas/pregunta_16684277.docx',6,84,16,'2025-09-19 09:34:27.781929',1,'A',0),
(2238,2,'16684278','preguntas/pregunta_16684278.docx',6,84,16,'2025-09-19 09:34:28.034160',1,'A',0),
(2239,2,'16684279','preguntas/pregunta_16684279.docx',6,84,16,'2025-09-19 09:34:28.256257',1,'A',0),
(2240,2,'16684280','preguntas/pregunta_16684280.docx',6,84,16,'2025-09-19 09:34:28.431934',1,'A',0),
(2241,2,'16684281','preguntas/pregunta_16684281.docx',6,84,16,'2025-09-19 09:34:28.628942',1,'A',0),
(2242,2,'16684282','preguntas/pregunta_16684282.docx',6,84,16,'2025-09-19 09:34:28.813576',1,'A',0),
(2243,2,'16684283','preguntas/pregunta_16684283.docx',6,84,16,'2025-09-19 09:34:29.012998',1,'A',0),
(2244,2,'16684284','preguntas/pregunta_16684284.docx',6,84,16,'2025-09-19 09:34:29.253726',1,'A',0),
(2245,2,'16684285','preguntas/pregunta_16684285.docx',6,84,16,'2025-09-19 09:34:29.896188',1,'A',0),
(2246,2,'16684286','preguntas/pregunta_16684286.docx',6,84,16,'2025-09-19 09:34:30.116788',1,'A',0),
(2247,2,'16684287','preguntas/pregunta_16684287.docx',6,84,16,'2025-09-19 09:34:30.297872',1,'A',0),
(2248,2,'16684288','preguntas/pregunta_16684288.docx',6,84,16,'2025-09-19 09:34:30.509984',1,'A',0),
(2249,2,'16684289','preguntas/pregunta_16684289.docx',6,84,16,'2025-09-19 09:34:30.744134',1,'A',0),
(2250,2,'16684290','preguntas/pregunta_16684290.docx',6,84,16,'2025-09-19 09:34:30.949736',1,'A',0),
(2251,2,'16684291','preguntas/pregunta_16684291.docx',6,84,16,'2025-09-19 09:34:31.159326',1,'A',0),
(2252,2,'16684292','preguntas/pregunta_16684292.docx',6,84,16,'2025-09-19 09:34:31.319124',1,'A',0),
(2253,2,'16684293','preguntas/pregunta_16684293.docx',6,84,16,'2025-09-19 09:34:31.521330',1,'A',0),
(2254,2,'16684294','preguntas/pregunta_16684294.docx',6,84,16,'2025-09-19 09:34:31.721147',1,'A',0),
(2255,2,'16684295','preguntas/pregunta_16684295.docx',6,84,16,'2025-09-19 09:34:31.943044',1,'A',0),
(2256,2,'16684296','preguntas/pregunta_16684296.docx',6,84,16,'2025-09-19 09:34:32.152724',1,'A',0),
(2257,2,'16684297','preguntas/pregunta_16684297.docx',6,84,16,'2025-09-19 09:34:32.371045',1,'A',0),
(2258,2,'16684298','preguntas/pregunta_16684298.docx',6,84,16,'2025-09-19 09:34:32.599891',1,'A',0),
(2259,2,'16684299','preguntas/pregunta_16684299.docx',6,84,16,'2025-09-19 09:34:32.804955',1,'A',0),
(2260,2,'166842100','preguntas/pregunta_166842100.docx',6,84,16,'2025-09-19 09:34:33.042780',1,'A',0),
(2341,2,'166842181','preguntas/pregunta_166842181.docx',6,84,16,'2025-09-19 09:37:52.367853',1,'A',0),
(2342,2,'166842182','preguntas/pregunta_166842182.docx',6,84,16,'2025-09-19 09:37:52.562294',1,'A',0),
(2343,2,'166842183','preguntas/pregunta_166842183.docx',6,84,16,'2025-09-19 09:37:52.773851',1,'A',0),
(2344,2,'166842184','preguntas/pregunta_166842184.docx',6,84,16,'2025-09-19 09:37:52.986608',1,'A',0),
(2345,2,'166842185','preguntas/pregunta_166842185.docx',6,84,16,'2025-09-19 09:37:53.198427',1,'A',0),
(2346,2,'166842186','preguntas/pregunta_166842186.docx',6,84,16,'2025-09-19 09:37:53.387147',1,'A',0),
(2347,2,'166842187','preguntas/pregunta_166842187.docx',6,84,16,'2025-09-19 09:37:53.575228',1,'A',0),
(2348,2,'166842188','preguntas/pregunta_166842188.docx',6,84,16,'2025-09-19 09:38:58.782623',1,'A',0),
(2349,2,'166842189','preguntas/pregunta_166842189.docx',6,84,16,'2025-09-19 09:38:58.952720',1,'A',0),
(2350,2,'166842190','preguntas/pregunta_166842190.docx',6,84,16,'2025-09-19 09:38:59.162907',1,'A',0),
(2351,2,'166842191','preguntas/pregunta_166842191.docx',6,84,16,'2025-09-19 09:38:59.350810',1,'A',0),
(2352,2,'166842192','preguntas/pregunta_166842192.docx',6,84,16,'2025-09-19 09:38:59.556197',1,'A',0),
(2353,2,'166842193','preguntas/pregunta_166842193.docx',6,84,16,'2025-09-19 09:38:59.731070',1,'A',0),
(2354,2,'166842194','preguntas/pregunta_166842194.docx',6,84,16,'2025-09-19 09:38:59.913947',1,'A',0),
(2355,2,'166842195','preguntas/pregunta_166842195.docx',6,84,16,'2025-09-19 09:39:00.092348',1,'A',0),
(2356,2,'166842196','preguntas/pregunta_166842196.docx',6,84,16,'2025-09-19 09:39:00.279926',1,'A',0),
(2357,2,'166842197','preguntas/pregunta_166842197.docx',6,84,16,'2025-09-19 09:39:00.492632',1,'A',0),
(2358,2,'166842198','preguntas/pregunta_166842198.docx',6,84,16,'2025-09-19 09:39:00.682854',1,'A',0),
(2359,2,'166842199','preguntas/pregunta_166842199.docx',6,84,16,'2025-09-19 09:39:00.921315',1,'A',0),
(2360,2,'166842200','preguntas/pregunta_166842200.docx',6,84,16,'2025-09-19 09:39:01.163967',1,'A',0),
(2361,2,'166842201','preguntas/pregunta_166842201.docx',6,84,16,'2025-09-19 09:39:01.476134',1,'A',0),
(2362,2,'166842202','preguntas/pregunta_166842202.docx',6,84,16,'2025-09-19 09:39:01.948062',1,'A',0),
(2363,2,'166842203','preguntas/pregunta_166842203.docx',6,84,16,'2025-09-19 09:39:02.290415',1,'A',0),
(2364,2,'166842204','preguntas/pregunta_166842204.docx',6,84,16,'2025-09-19 09:39:02.519728',1,'A',0),
(2365,2,'166842205','preguntas/pregunta_166842205.docx',6,84,16,'2025-09-19 09:39:02.891690',1,'A',0),
(2366,2,'166842206','preguntas/pregunta_166842206.docx',6,84,16,'2025-09-19 09:39:03.227603',1,'A',0),
(2367,2,'166842207','preguntas/pregunta_166842207.docx',6,84,16,'2025-09-19 09:39:03.581904',1,'A',0),
(2368,2,'166842208','preguntas/pregunta_166842208.docx',6,84,16,'2025-09-19 09:39:04.461716',1,'A',0),
(2369,2,'166842209','preguntas/pregunta_166842209.docx',6,84,16,'2025-09-19 09:39:04.796159',1,'A',0),
(2370,2,'166842210','preguntas/pregunta_166842210.docx',6,84,16,'2025-09-19 09:39:05.124974',1,'A',0),
(2371,2,'166842211','preguntas/pregunta_166842211.docx',6,84,16,'2025-09-19 09:39:05.552901',1,'A',0),
(2372,2,'166842212','preguntas/pregunta_166842212.docx',6,84,16,'2025-09-19 09:39:05.955364',1,'A',0),
(2373,2,'166842213','preguntas/pregunta_166842213.docx',6,84,16,'2025-09-19 09:39:06.203319',1,'A',0),
(2374,2,'166842214','preguntas/pregunta_166842214.docx',6,84,16,'2025-09-19 09:39:06.463435',1,'A',0),
(2375,2,'166842215','preguntas/pregunta_166842215.docx',6,84,16,'2025-09-19 09:39:06.789880',1,'A',0),
(2376,2,'166842216','preguntas/pregunta_166842216.docx',6,84,16,'2025-09-19 09:39:07.061704',1,'A',0),
(2377,2,'166842217','preguntas/pregunta_166842217.docx',6,84,16,'2025-09-19 09:39:07.334057',1,'A',0),
(2378,2,'166842218','preguntas/pregunta_166842218.docx',6,84,16,'2025-09-19 09:39:07.619957',1,'A',0),
(2379,2,'166842219','preguntas/pregunta_166842219.docx',6,84,16,'2025-09-19 09:39:07.954175',1,'A',0),
(2380,2,'166842220','preguntas/pregunta_166842220.docx',6,84,16,'2025-09-19 09:39:08.268000',1,'A',0),
(2434,2,'166842140','preguntas/pregunta_166842140_cuJLc6G.docx',6,84,16,'2025-09-23 13:29:46.671027',1,'A',0),
(2435,2,'166842141','preguntas/pregunta_166842141_VCUd1Ut.docx',6,84,16,'2025-09-23 13:29:46.902308',1,'A',0),
(2436,2,'166842142','preguntas/pregunta_166842142_FEa3Gd4.docx',6,84,16,'2025-09-23 13:29:47.169983',1,'A',0),
(2437,2,'166842143','preguntas/pregunta_166842143_7TTlVHZ.docx',6,84,16,'2025-09-23 13:29:47.401128',1,'A',0),
(2438,2,'166842144','preguntas/pregunta_166842144_5Y13PVE.docx',6,84,16,'2025-09-23 13:29:47.649583',1,'A',0),
(2439,2,'166842145','preguntas/pregunta_166842145_TiGzO3U.docx',6,84,16,'2025-09-23 13:29:47.902515',1,'A',0),
(2440,2,'166842146','preguntas/pregunta_166842146_EFjo22x.docx',6,84,16,'2025-09-23 13:29:48.173462',1,'A',0),
(2441,2,'166842147','preguntas/pregunta_166842147_X0kUmtC.docx',6,84,16,'2025-09-23 13:29:48.419186',1,'A',0),
(2442,2,'166842148','preguntas/pregunta_166842148_tI5JHkh.docx',6,84,16,'2025-09-23 13:29:48.705183',1,'A',0),
(2443,2,'166842149','preguntas/pregunta_166842149_fMPU6T0.docx',6,84,16,'2025-09-23 13:29:48.924972',1,'A',0),
(2444,2,'166842150','preguntas/pregunta_166842150_VkeqiPC.docx',6,84,16,'2025-09-23 13:29:49.168607',1,'A',0),
(2445,2,'166842151','preguntas/pregunta_166842151_H9OTJlS.docx',6,84,16,'2025-09-23 13:29:49.412832',1,'A',0),
(2446,2,'166842152','preguntas/pregunta_166842152_UUFkLab.docx',6,84,16,'2025-09-23 13:29:49.651674',1,'A',0),
(2447,2,'166842153','preguntas/pregunta_166842153_8suEsfJ.docx',6,84,16,'2025-09-23 13:29:49.889857',1,'A',0),
(2448,2,'166842154','preguntas/pregunta_166842154_TEiZ3zv.docx',6,84,16,'2025-09-23 13:29:50.146125',1,'A',0),
(2449,2,'166842155','preguntas/pregunta_166842155_s6aanZ1.docx',6,84,16,'2025-09-23 13:29:50.388283',1,'A',0),
(2450,2,'166842156','preguntas/pregunta_166842156_4MGV242.docx',6,84,16,'2025-09-23 13:29:50.786289',1,'A',0),
(2451,2,'166842157','preguntas/pregunta_166842157_I1nxxXh.docx',6,84,16,'2025-09-23 13:29:50.962620',1,'A',0),
(2452,2,'166842158','preguntas/pregunta_166842158_iCiJNyG.docx',6,84,16,'2025-09-23 13:29:51.195850',1,'A',0),
(2453,2,'166842159','preguntas/pregunta_166842159_ryMp21E.docx',6,84,16,'2025-09-23 13:29:51.406614',1,'A',0),
(2454,2,'166842160','preguntas/pregunta_166842160_pjsAjq3.docx',6,84,16,'2025-09-23 13:29:51.620854',1,'A',0),
(2455,2,'166842161','preguntas/pregunta_166842161_qIsbVPL.docx',6,84,16,'2025-09-23 13:29:51.836566',1,'A',0),
(2456,2,'166842162','preguntas/pregunta_166842162_WjmjCz5.docx',6,84,16,'2025-09-23 13:29:52.057684',1,'A',0),
(2457,2,'166842163','preguntas/pregunta_166842163_GEjwC3P.docx',6,84,16,'2025-09-23 13:29:52.290125',1,'A',0),
(2458,2,'166842164','preguntas/pregunta_166842164_8uYmlSM.docx',6,84,16,'2025-09-23 13:29:52.526191',1,'A',0),
(2459,2,'166842165','preguntas/pregunta_166842165_2qAr5Nf.docx',6,84,16,'2025-09-23 13:29:52.759929',1,'A',0),
(2460,2,'166842166','preguntas/pregunta_166842166_0Yg70vN.docx',6,84,16,'2025-09-23 13:29:53.002227',1,'A',0),
(2461,2,'166842167','preguntas/pregunta_166842167_SELa2xr.docx',6,84,16,'2025-09-23 13:29:53.195775',1,'A',0),
(2462,2,'166842168','preguntas/pregunta_166842168_bIyoFQv.docx',6,84,16,'2025-09-23 13:29:53.416598',1,'A',0),
(2463,2,'166842169','preguntas/pregunta_166842169_OrIWsI8.docx',6,84,16,'2025-09-23 13:29:53.604350',1,'A',0),
(2464,2,'166842170','preguntas/pregunta_166842170_CUvvtnK.docx',6,84,16,'2025-09-23 13:29:53.784445',1,'A',0),
(2465,2,'166842171','preguntas/pregunta_166842171_XXYf0a5.docx',6,84,16,'2025-09-23 13:29:53.996763',1,'A',0),
(2466,2,'166842172','preguntas/pregunta_166842172_zJc3dV5.docx',6,84,16,'2025-09-23 13:29:54.239325',1,'A',0),
(2467,2,'166842173','preguntas/pregunta_166842173_V3S5pn0.docx',6,84,16,'2025-09-23 13:29:54.453758',1,'A',0),
(2468,2,'166842174','preguntas/pregunta_166842174_PoUDZBT.docx',6,84,16,'2025-09-23 13:29:54.691143',1,'A',0),
(2469,2,'166842175','preguntas/pregunta_166842175_U8XcjdV.docx',6,84,16,'2025-09-23 13:29:54.919531',1,'A',0),
(2470,2,'166842176','preguntas/pregunta_166842176_7GM4nsZ.docx',6,84,16,'2025-09-23 13:29:55.184564',1,'A',0),
(2471,2,'166842177','preguntas/pregunta_166842177_H3Ggxx5.docx',6,84,16,'2025-09-23 13:29:55.397946',1,'A',0),
(2472,2,'166842178','preguntas/pregunta_166842178_9GCHFTP.docx',6,84,16,'2025-09-23 13:29:55.663003',1,'A',0),
(2473,2,'166842179','preguntas/pregunta_166842179_Pn9O1Sj.docx',6,84,16,'2025-09-23 13:29:55.874688',1,'A',0),
(2474,2,'166842180','preguntas/pregunta_166842180_66OQwlK.docx',6,84,16,'2025-09-23 13:29:56.358433',1,'A',0),
(2475,2,'166842181','preguntas/pregunta_166842181_tRj6m1O.docx',6,84,16,'2025-09-23 13:29:56.571609',1,'A',0),
(2476,2,'166842182','preguntas/pregunta_166842182_V2qmFw0.docx',6,84,16,'2025-09-23 13:29:56.817813',1,'A',0),
(2477,2,'166842183','preguntas/pregunta_166842183_3mFIvQV.docx',6,84,16,'2025-09-23 13:29:56.982531',1,'A',0),
(2478,2,'166842184','preguntas/pregunta_166842184_CVQcTrg.docx',6,84,16,'2025-09-23 13:29:57.202789',1,'A',0),
(2479,2,'166842185','preguntas/pregunta_166842185_fvB9VLV.docx',6,84,16,'2025-09-23 13:29:57.415375',1,'A',0),
(2480,2,'166842186','preguntas/pregunta_166842186_3TRZcnk.docx',6,84,16,'2025-09-23 13:29:57.610336',1,'A',0),
(2481,2,'166842187','preguntas/pregunta_166842187_me0PnQs.docx',6,84,16,'2025-09-23 13:29:57.837819',1,'A',0),
(2482,2,'166842188','preguntas/pregunta_166842188_IMGg7AI.docx',6,84,16,'2025-09-23 13:29:58.048588',1,'A',0),
(2483,2,'166842189','preguntas/pregunta_166842189_LoxPs0t.docx',6,84,16,'2025-09-23 13:29:58.248357',1,'A',0),
(2484,2,'166842190','preguntas/pregunta_166842190_zLhTtwG.docx',6,84,16,'2025-09-23 13:29:58.441776',1,'A',0),
(2485,2,'166842191','preguntas/pregunta_166842191_iSHYUMN.docx',6,84,16,'2025-09-23 13:29:58.623166',1,'A',0),
(2486,2,'166842192','preguntas/pregunta_166842192_HEydvfD.docx',6,84,16,'2025-09-23 13:29:58.808197',1,'A',0),
(2487,2,'166842193','preguntas/pregunta_166842193_bUcGZtu.docx',6,84,16,'2025-09-23 13:29:59.082315',1,'A',0),
(2488,2,'2382421','preguntas/pregunta_2382421.docx',8,24,23,'2025-09-25 16:04:22.454505',1,'A',0),
(2489,2,'2382422','preguntas/pregunta_2382422.docx',8,24,23,'2025-09-25 16:04:22.699178',1,'A',0),
(2490,2,'2382423','preguntas/pregunta_2382423.docx',8,24,23,'2025-09-25 16:04:23.015951',1,'A',0),
(2491,2,'2382424','preguntas/pregunta_2382424.docx',8,24,23,'2025-09-25 16:04:23.251056',1,'A',0),
(2492,2,'2382425','preguntas/pregunta_2382425.docx',8,24,23,'2025-09-25 16:04:23.449792',1,'A',0),
(2493,2,'2382426','preguntas/pregunta_2382426.docx',8,24,23,'2025-09-25 16:04:23.691359',1,'A',0),
(2494,2,'2382427','preguntas/pregunta_2382427.docx',8,24,23,'2025-09-25 16:04:23.917432',1,'A',0),
(2495,2,'2382428','preguntas/pregunta_2382428.docx',8,24,23,'2025-09-25 16:04:24.076365',1,'A',0),
(2496,2,'2382429','preguntas/pregunta_2382429.docx',8,24,23,'2025-09-25 16:04:24.310820',1,'A',0),
(2497,2,'23824210','preguntas/pregunta_23824210.docx',8,24,23,'2025-09-25 16:04:24.475866',1,'A',0),
(2498,2,'23824211','preguntas/pregunta_23824211.docx',8,24,23,'2025-09-25 16:04:24.630792',1,'A',0),
(2499,2,'23824212','preguntas/pregunta_23824212.docx',8,24,23,'2025-09-25 16:04:24.854629',1,'A',0),
(2500,2,'23824213','preguntas/pregunta_23824213.docx',8,24,23,'2025-09-25 16:04:25.058015',1,'A',0),
(2501,2,'23824214','preguntas/pregunta_23824214.docx',8,24,23,'2025-09-25 16:04:25.286858',1,'A',0),
(2502,2,'23824215','preguntas/pregunta_23824215.docx',8,24,23,'2025-09-25 16:04:25.481461',1,'A',0),
(2503,2,'23824216','preguntas/pregunta_23824216.docx',8,24,23,'2025-09-25 16:04:25.823446',1,'A',0),
(2504,2,'2388521','preguntas/pregunta_2388521.docx',8,85,23,'2025-09-25 16:17:18.764854',1,'A',0),
(2505,2,'2388522','preguntas/pregunta_2388522.docx',8,85,23,'2025-09-25 16:17:18.978514',1,'A',0),
(2506,2,'2388523','preguntas/pregunta_2388523.docx',8,85,23,'2025-09-25 16:17:19.141491',1,'A',0),
(2507,2,'2388524','preguntas/pregunta_2388524.docx',8,85,23,'2025-09-25 16:17:19.395134',1,'A',0),
(2508,2,'2388525','preguntas/pregunta_2388525.docx',8,85,23,'2025-09-25 16:17:19.640713',1,'A',0),
(2509,2,'2388526','preguntas/pregunta_2388526.docx',8,85,23,'2025-09-25 16:17:19.854008',1,'A',0),
(2510,2,'2388527','preguntas/pregunta_2388527.docx',8,85,23,'2025-09-25 16:17:20.130847',1,'A',0),
(2511,2,'2388528','preguntas/pregunta_2388528.docx',8,85,23,'2025-09-25 16:17:20.434337',1,'A',0),
(2512,2,'2388529','preguntas/pregunta_2388529.docx',8,85,23,'2025-09-25 16:17:20.635417',1,'A',0),
(2513,2,'23885210','preguntas/pregunta_23885210.docx',8,85,23,'2025-09-25 16:17:20.880146',1,'A',0),
(2514,2,'23885211','preguntas/pregunta_23885211.docx',8,85,23,'2025-09-25 16:17:21.123550',1,'A',0),
(2515,2,'23885212','preguntas/pregunta_23885212.docx',8,85,23,'2025-09-25 16:17:21.352653',1,'A',0),
(2516,2,'23885213','preguntas/pregunta_23885213.docx',8,85,23,'2025-09-25 16:17:21.552553',1,'A',0),
(2517,2,'23885214','preguntas/pregunta_23885214.docx',8,85,23,'2025-09-25 16:17:21.801900',1,'A',0),
(2518,2,'23885215','preguntas/pregunta_23885215.docx',8,85,23,'2025-09-25 16:17:22.003358',1,'A',0),
(2519,2,'2382121','preguntas/pregunta_2382121.docx',8,21,23,'2025-09-25 16:17:50.264110',1,'A',0),
(2520,2,'2382122','preguntas/pregunta_2382122.docx',8,21,23,'2025-09-25 16:17:50.442114',1,'A',0),
(2521,2,'2382123','preguntas/pregunta_2382123.docx',8,21,23,'2025-09-25 16:17:50.626844',1,'A',0),
(2522,2,'2382124','preguntas/pregunta_2382124.docx',8,21,23,'2025-09-25 16:17:50.837990',1,'A',0),
(2523,2,'2382125','preguntas/pregunta_2382125.docx',8,21,23,'2025-09-25 16:17:51.007747',1,'A',0),
(2524,2,'2382126','preguntas/pregunta_2382126.docx',8,21,23,'2025-09-25 16:17:51.185361',1,'A',0),
(2525,2,'2382127','preguntas/pregunta_2382127.docx',8,21,23,'2025-09-25 16:17:51.375880',1,'A',0),
(2526,2,'2382128','preguntas/pregunta_2382128.docx',8,21,23,'2025-09-25 16:17:51.545947',1,'A',0),
(2527,2,'2382129','preguntas/pregunta_2382129.docx',8,21,23,'2025-09-25 16:17:51.706264',1,'A',0),
(2528,2,'23821210','preguntas/pregunta_23821210.docx',8,21,23,'2025-09-25 16:17:51.893471',1,'A',0),
(2529,2,'2384221','preguntas/pregunta_2384221.docx',8,42,23,'2025-09-25 16:21:08.921968',1,'A',0),
(2530,2,'2384222','preguntas/pregunta_2384222.docx',8,42,23,'2025-09-25 16:21:09.125333',1,'A',0),
(2531,2,'2384223','preguntas/pregunta_2384223.docx',8,42,23,'2025-09-25 16:21:09.356495',1,'A',0),
(2532,2,'2384224','preguntas/pregunta_2384224.docx',8,42,23,'2025-09-25 16:21:09.576801',1,'A',0),
(2533,2,'2384225','preguntas/pregunta_2384225.docx',8,42,23,'2025-09-25 16:21:09.785654',1,'A',0),
(2534,2,'2384226','preguntas/pregunta_2384226.docx',8,42,23,'2025-09-25 16:21:10.005975',1,'A',0),
(2535,2,'2384227','preguntas/pregunta_2384227.docx',8,42,23,'2025-09-25 16:21:10.206935',1,'A',0),
(2536,2,'2384228','preguntas/pregunta_2384228.docx',8,42,23,'2025-09-25 16:21:10.411798',1,'A',0),
(2537,2,'2384229','preguntas/pregunta_2384229.docx',8,42,23,'2025-09-25 16:21:10.606513',1,'A',0),
(2538,2,'23842210','preguntas/pregunta_23842210.docx',8,42,23,'2025-09-25 16:21:10.810526',1,'A',0),
(2539,2,'23842211','preguntas/pregunta_23842211.docx',8,42,23,'2025-09-25 16:21:11.102120',1,'A',0),
(2540,2,'23842212','preguntas/pregunta_23842212.docx',8,42,23,'2025-09-25 16:21:11.363723',1,'A',0),
(2541,2,'23842213','preguntas/pregunta_23842213.docx',8,42,23,'2025-09-25 16:21:11.589824',1,'A',0),
(2542,2,'23842214','preguntas/pregunta_23842214.docx',8,42,23,'2025-09-25 16:21:11.851349',1,'A',0),
(2543,2,'23842215','preguntas/pregunta_23842215.docx',8,42,23,'2025-09-25 16:21:12.107066',1,'A',0),
(2544,2,'23842216','preguntas/pregunta_23842216.docx',8,42,23,'2025-09-25 16:21:12.307621',1,'A',0),
(2545,2,'23842217','preguntas/pregunta_23842217.docx',8,42,23,'2025-09-25 16:21:12.547992',1,'A',0),
(2546,2,'23842218','preguntas/pregunta_23842218.docx',8,42,23,'2025-09-25 16:21:12.799707',1,'A',0),
(2547,2,'23842219','preguntas/pregunta_23842219.docx',8,42,23,'2025-09-25 16:21:13.034138',1,'A',0),
(2548,2,'23842220','preguntas/pregunta_23842220.docx',8,42,23,'2025-09-25 16:21:13.270876',1,'A',0),
(2549,2,'23842221','preguntas/pregunta_23842221.docx',8,42,23,'2025-09-25 16:21:13.500121',1,'A',0),
(2550,2,'23842222','preguntas/pregunta_23842222.docx',8,42,23,'2025-09-25 16:21:13.764561',1,'A',0),
(2551,2,'23842223','preguntas/pregunta_23842223.docx',8,42,23,'2025-09-25 16:21:14.001909',1,'A',0),
(2552,2,'23842224','preguntas/pregunta_23842224.docx',8,42,23,'2025-09-25 16:21:14.262754',1,'A',0),
(2553,2,'23842225','preguntas/pregunta_23842225.docx',8,42,23,'2025-09-25 16:21:14.453810',1,'A',0),
(2554,2,'23842226','preguntas/pregunta_23842226.docx',8,42,23,'2025-09-25 16:21:14.886327',1,'A',0),
(2555,2,'23842227','preguntas/pregunta_23842227.docx',8,42,23,'2025-09-25 16:21:15.089470',1,'A',0),
(2556,2,'23842228','preguntas/pregunta_23842228.docx',8,42,23,'2025-09-25 16:21:15.293496',1,'A',0),
(2557,2,'23842229','preguntas/pregunta_23842229.docx',8,42,23,'2025-09-25 16:21:15.541853',1,'A',0),
(2558,2,'23842230','preguntas/pregunta_23842230.docx',8,42,23,'2025-09-25 16:21:15.762615',1,'A',0),
(2559,2,'23842231','preguntas/pregunta_23842231.docx',8,42,23,'2025-09-25 16:21:15.969205',1,'A',0),
(2560,2,'23842232','preguntas/pregunta_23842232.docx',8,42,23,'2025-09-25 16:21:16.178828',1,'A',0),
(2561,2,'23842233','preguntas/pregunta_23842233.docx',8,42,23,'2025-09-25 16:21:16.395037',1,'A',0),
(2562,2,'23842234','preguntas/pregunta_23842234.docx',8,42,23,'2025-09-25 16:21:16.594731',1,'A',0),
(2563,2,'23842235','preguntas/pregunta_23842235.docx',8,42,23,'2025-09-25 16:21:16.813544',1,'A',0),
(2564,2,'23842236','preguntas/pregunta_23842236.docx',8,42,23,'2025-09-25 16:21:17.019154',1,'A',0),
(2565,2,'23842237','preguntas/pregunta_23842237.docx',8,42,23,'2025-09-25 16:21:17.243498',1,'A',0),
(2566,2,'23842238','preguntas/pregunta_23842238.docx',8,42,23,'2025-09-25 16:21:17.509775',1,'A',0),
(2567,2,'23842239','preguntas/pregunta_23842239.docx',8,42,23,'2025-09-25 16:21:17.650670',1,'A',0),
(2568,2,'2382221','preguntas/pregunta_2382221.docx',8,22,23,'2025-09-25 16:25:59.065290',1,'A',0),
(2569,2,'2382222','preguntas/pregunta_2382222.docx',8,22,23,'2025-09-25 16:25:59.289154',1,'A',0),
(2570,2,'2382223','preguntas/pregunta_2382223.docx',8,22,23,'2025-09-25 16:25:59.541884',1,'A',0),
(2571,2,'2382224','preguntas/pregunta_2382224.docx',8,22,23,'2025-09-25 16:25:59.729842',1,'A',0),
(2572,2,'2382225','preguntas/pregunta_2382225.docx',8,22,23,'2025-09-25 16:25:59.936179',1,'A',0),
(2573,2,'2382226','preguntas/pregunta_2382226.docx',8,22,23,'2025-09-25 16:26:00.183342',1,'A',0),
(2574,2,'2382227','preguntas/pregunta_2382227.docx',8,22,23,'2025-09-25 16:26:00.416080',1,'A',0),
(2575,2,'2382228','preguntas/pregunta_2382228.docx',8,22,23,'2025-09-25 16:26:00.580219',1,'A',0),
(2576,2,'2382229','preguntas/pregunta_2382229.docx',8,22,23,'2025-09-25 16:26:00.812835',1,'A',0),
(2577,2,'23822210','preguntas/pregunta_23822210.docx',8,22,23,'2025-09-25 16:26:01.036868',1,'A',0),
(2578,2,'23822211','preguntas/pregunta_23822211.docx',8,22,23,'2025-09-25 16:26:01.296197',1,'A',0),
(2579,2,'23822212','preguntas/pregunta_23822212.docx',8,22,23,'2025-09-25 16:26:01.798147',1,'A',0),
(2580,2,'23822213','preguntas/pregunta_23822213.docx',8,22,23,'2025-09-25 16:26:02.221991',1,'A',0),
(2581,2,'23822214','preguntas/pregunta_23822214.docx',8,22,23,'2025-09-25 16:26:02.541835',1,'A',0),
(2582,2,'23822215','preguntas/pregunta_23822215.docx',8,22,23,'2025-09-25 16:26:02.851283',1,'A',0),
(2583,2,'23822216','preguntas/pregunta_23822216.docx',8,22,23,'2025-09-25 16:26:03.193585',1,'A',0),
(2584,2,'23822217','preguntas/pregunta_23822217.docx',8,22,23,'2025-09-25 16:26:03.751847',1,'A',0),
(2585,2,'23822218','preguntas/pregunta_23822218.docx',8,22,23,'2025-09-25 16:26:04.036761',1,'A',0),
(2586,2,'23822219','preguntas/pregunta_23822219.docx',8,22,23,'2025-09-25 16:26:04.373063',1,'A',0),
(2587,2,'23822220','preguntas/pregunta_23822220.docx',8,22,23,'2025-09-25 16:26:04.687254',1,'A',0),
(2588,2,'23822221','preguntas/pregunta_23822221.docx',8,22,23,'2025-09-25 16:26:05.089955',1,'A',0),
(2589,2,'23822222','preguntas/pregunta_23822222.docx',8,22,23,'2025-09-25 16:26:05.504736',1,'A',0),
(2590,2,'23822223','preguntas/pregunta_23822223.docx',8,22,23,'2025-09-25 16:26:05.747998',1,'A',0),
(2591,2,'23822224','preguntas/pregunta_23822224.docx',8,22,23,'2025-09-25 16:26:06.087333',1,'A',0),
(2592,2,'23822225','preguntas/pregunta_23822225.docx',8,22,23,'2025-09-25 16:26:06.394756',1,'A',0),
(2593,2,'23822226','preguntas/pregunta_23822226.docx',8,22,23,'2025-09-25 16:26:06.628629',1,'A',0),
(2594,2,'23822227','preguntas/pregunta_23822227.docx',8,22,23,'2025-09-25 16:26:06.882079',1,'A',0),
(2595,2,'23822228','preguntas/pregunta_23822228.docx',8,22,23,'2025-09-25 16:26:07.127638',1,'A',0),
(2596,2,'23822229','preguntas/pregunta_23822229.docx',8,22,23,'2025-09-25 16:26:07.385636',1,'A',0),
(2597,2,'23822230','preguntas/pregunta_23822230.docx',8,22,23,'2025-09-25 16:26:07.658874',1,'A',0),
(2598,2,'23822231','preguntas/pregunta_23822231.docx',8,22,23,'2025-09-25 16:26:07.891934',1,'A',0),
(2599,2,'23822232','preguntas/pregunta_23822232.docx',8,22,23,'2025-09-25 16:26:08.125309',1,'A',0),
(2600,2,'23822233','preguntas/pregunta_23822233.docx',8,22,23,'2025-09-25 16:26:08.379591',1,'A',0),
(2601,2,'23822234','preguntas/pregunta_23822234.docx',8,22,23,'2025-09-25 16:26:08.630985',1,'A',0),
(2602,2,'23822235','preguntas/pregunta_23822235.docx',8,22,23,'2025-09-25 16:26:08.878366',1,'A',0),
(2603,2,'23822236','preguntas/pregunta_23822236.docx',8,22,23,'2025-09-25 16:26:09.164831',1,'A',0),
(2604,2,'23822237','preguntas/pregunta_23822237.docx',8,22,23,'2025-09-25 16:26:09.384858',1,'A',0),
(2605,2,'2388721','preguntas/pregunta_2388721.docx',8,87,23,'2025-09-25 16:33:57.159931',1,'A',0),
(2606,2,'2388722','preguntas/pregunta_2388722.docx',8,87,23,'2025-09-25 16:33:57.352111',1,'A',0),
(2607,2,'2388723','preguntas/pregunta_2388723.docx',8,87,23,'2025-09-25 16:33:57.502132',1,'A',0),
(2608,2,'2388724','preguntas/pregunta_2388724.docx',8,87,23,'2025-09-25 16:33:57.713239',1,'A',0),
(2609,2,'2388725','preguntas/pregunta_2388725.docx',8,87,23,'2025-09-25 16:33:57.936660',1,'A',0),
(2610,2,'2388726','preguntas/pregunta_2388726.docx',8,87,23,'2025-09-25 16:33:58.134195',1,'A',0),
(2611,2,'2388727','preguntas/pregunta_2388727.docx',8,87,23,'2025-09-25 16:33:58.338779',1,'A',0),
(2612,2,'2388728','preguntas/pregunta_2388728.docx',8,87,23,'2025-09-25 16:33:58.559150',1,'A',0),
(2613,2,'2388729','preguntas/pregunta_2388729.docx',8,87,23,'2025-09-25 16:33:58.747607',1,'A',0),
(2614,2,'23887210','preguntas/pregunta_23887210.docx',8,87,23,'2025-09-25 16:33:58.958065',1,'A',0),
(2615,2,'23887211','preguntas/pregunta_23887211.docx',8,87,23,'2025-09-25 16:33:59.136637',1,'A',0),
(2616,2,'23887212','preguntas/pregunta_23887212.docx',8,87,23,'2025-09-25 16:33:59.312791',1,'A',0),
(2617,2,'23887213','preguntas/pregunta_23887213.docx',8,87,23,'2025-09-25 16:33:59.522134',1,'A',0),
(2618,2,'23887214','preguntas/pregunta_23887214.docx',8,87,23,'2025-09-25 16:33:59.741181',1,'A',0),
(2619,2,'23887215','preguntas/pregunta_23887215.docx',8,87,23,'2025-09-25 16:33:59.939689',1,'A',0),
(2620,2,'23887216','preguntas/pregunta_23887216.docx',8,87,23,'2025-09-25 16:34:00.152987',1,'A',0),
(2621,2,'23887217','preguntas/pregunta_23887217.docx',8,87,23,'2025-09-25 16:34:00.446574',1,'A',0),
(2622,2,'23887218','preguntas/pregunta_23887218.docx',8,87,23,'2025-09-25 16:34:00.633248',1,'A',0),
(2623,2,'23887219','preguntas/pregunta_23887219.docx',8,87,23,'2025-09-25 16:34:00.843737',1,'A',0),
(2624,2,'23887220','preguntas/pregunta_23887220.docx',8,87,23,'2025-09-25 16:34:01.073135',1,'A',0),
(2625,2,'23887221','preguntas/pregunta_23887221.docx',8,87,23,'2025-09-25 16:34:01.313103',1,'A',0),
(2626,2,'23887222','preguntas/pregunta_23887222.docx',8,87,23,'2025-09-25 16:34:01.716778',1,'A',0),
(2627,2,'23887223','preguntas/pregunta_23887223.docx',8,87,23,'2025-09-25 16:34:01.997305',1,'A',0),
(2628,2,'23887224','preguntas/pregunta_23887224.docx',8,87,23,'2025-09-25 16:34:02.405361',1,'A',0),
(2629,2,'23887225','preguntas/pregunta_23887225.docx',8,87,23,'2025-09-25 16:34:02.678240',1,'A',0),
(2630,2,'23887226','preguntas/pregunta_23887226.docx',8,87,23,'2025-09-25 16:34:02.975272',1,'A',0),
(2631,2,'23887227','preguntas/pregunta_23887227.docx',8,87,23,'2025-09-25 16:34:03.244054',1,'A',0),
(2632,2,'23887228','preguntas/pregunta_23887228.docx',8,87,23,'2025-09-25 16:34:03.606842',1,'A',0),
(2633,2,'23887229','preguntas/pregunta_23887229.docx',8,87,23,'2025-09-25 16:34:03.916195',1,'A',0),
(2634,2,'23887230','preguntas/pregunta_23887230.docx',8,87,23,'2025-09-25 16:34:04.132591',1,'A',0),
(2635,2,'23887231','preguntas/pregunta_23887231.docx',8,87,23,'2025-09-25 16:34:04.384523',1,'A',0),
(2636,2,'2388821','preguntas/pregunta_2388821.docx',8,88,23,'2025-09-25 16:41:27.874122',1,'A',0),
(2637,2,'2388822','preguntas/pregunta_2388822.docx',8,88,23,'2025-09-25 16:41:28.067289',1,'A',0),
(2638,2,'2388823','preguntas/pregunta_2388823.docx',8,88,23,'2025-09-25 16:41:28.270121',1,'A',0),
(2639,2,'2388824','preguntas/pregunta_2388824.docx',8,88,23,'2025-09-25 16:41:28.468104',1,'A',0),
(2640,2,'2388825','preguntas/pregunta_2388825.docx',8,88,23,'2025-09-25 16:41:28.688198',1,'A',0),
(2641,2,'2388826','preguntas/pregunta_2388826.docx',8,88,23,'2025-09-25 16:41:28.877293',1,'A',0),
(2642,2,'2388827','preguntas/pregunta_2388827.docx',8,88,23,'2025-09-25 16:41:29.070217',1,'A',0),
(2643,2,'2388828','preguntas/pregunta_2388828.docx',8,88,23,'2025-09-25 16:41:29.267339',1,'A',0),
(2644,2,'2388829','preguntas/pregunta_2388829.docx',8,88,23,'2025-09-25 16:41:29.455320',1,'A',0),
(2645,2,'23888210','preguntas/pregunta_23888210.docx',8,88,23,'2025-09-25 16:41:29.670564',1,'A',0),
(2646,2,'23888211','preguntas/pregunta_23888211.docx',8,88,23,'2025-09-25 16:41:29.907227',1,'A',0),
(2647,2,'23888212','preguntas/pregunta_23888212.docx',8,88,23,'2025-09-25 16:41:30.110793',1,'A',0),
(2648,2,'23888213','preguntas/pregunta_23888213.docx',8,88,23,'2025-09-25 16:41:30.304743',1,'A',0),
(2649,2,'23888214','preguntas/pregunta_23888214.docx',8,88,23,'2025-09-25 16:41:30.510326',1,'A',0),
(2650,2,'23888215','preguntas/pregunta_23888215.docx',8,88,23,'2025-09-25 16:41:30.707281',1,'A',0),
(2651,2,'23888216','preguntas/pregunta_23888216.docx',8,88,23,'2025-09-25 16:41:30.904301',1,'A',0),
(2652,2,'23888217','preguntas/pregunta_23888217.docx',8,88,23,'2025-09-25 16:41:31.137813',1,'A',0),
(2653,2,'23888218','preguntas/pregunta_23888218.docx',8,88,23,'2025-09-25 16:41:31.320787',1,'A',0),
(2654,2,'23888219','preguntas/pregunta_23888219.docx',8,88,23,'2025-09-25 16:41:31.476491',1,'A',0),
(2655,2,'23888220','preguntas/pregunta_23888220.docx',8,88,23,'2025-09-25 16:41:31.656593',1,'A',0),
(2656,2,'23888221','preguntas/pregunta_23888221.docx',8,88,23,'2025-09-25 16:41:31.812284',1,'A',0),
(2657,2,'23888222','preguntas/pregunta_23888222.docx',8,88,23,'2025-09-25 16:41:31.966818',1,'A',0),
(2658,2,'23888223','preguntas/pregunta_23888223.docx',8,88,23,'2025-09-25 16:41:32.212336',1,'A',0),
(2659,2,'23888224','preguntas/pregunta_23888224.docx',8,88,23,'2025-09-25 16:41:32.477876',1,'A',0),
(2660,2,'23888225','preguntas/pregunta_23888225.docx',8,88,23,'2025-09-25 16:41:32.710683',1,'A',0),
(2661,2,'23888226','preguntas/pregunta_23888226.docx',8,88,23,'2025-09-25 16:41:33.109943',1,'A',0),
(2662,2,'23888227','preguntas/pregunta_23888227.docx',8,88,23,'2025-09-25 16:41:33.296329',1,'A',0),
(2663,2,'23888228','preguntas/pregunta_23888228.docx',8,88,23,'2025-09-25 16:41:33.473279',1,'A',0),
(2664,2,'23888229','preguntas/pregunta_23888229.docx',8,88,23,'2025-09-25 16:41:33.666875',1,'A',0),
(2665,2,'23888230','preguntas/pregunta_23888230.docx',8,88,23,'2025-09-25 16:41:33.863568',1,'A',0),
(2666,2,'23888231','preguntas/pregunta_23888231.docx',8,88,23,'2025-09-25 16:41:34.053224',1,'A',0),
(2667,2,'23888232','preguntas/pregunta_23888232.docx',8,88,23,'2025-09-25 16:41:34.268909',1,'A',0),
(2668,2,'23888233','preguntas/pregunta_23888233.docx',8,88,23,'2025-09-25 16:41:34.452504',1,'A',0),
(2669,2,'23888234','preguntas/pregunta_23888234.docx',8,88,23,'2025-09-25 16:41:34.605927',1,'A',0),
(2670,2,'23888235','preguntas/pregunta_23888235.docx',8,88,23,'2025-09-25 16:41:34.775258',1,'A',0),
(2671,2,'23888236','preguntas/pregunta_23888236.docx',8,88,23,'2025-09-25 16:41:34.927719',1,'A',0),
(2672,2,'2388921','preguntas/pregunta_2388921.docx',8,89,23,'2025-09-25 16:48:19.182639',1,'A',0),
(2673,2,'2388922','preguntas/pregunta_2388922.docx',8,89,23,'2025-09-25 16:48:19.412579',1,'A',0),
(2674,2,'2388923','preguntas/pregunta_2388923.docx',8,89,23,'2025-09-25 16:48:19.642449',1,'A',0),
(2675,2,'2388924','preguntas/pregunta_2388924.docx',8,89,23,'2025-09-25 16:48:19.869127',1,'A',0),
(2676,2,'2388925','preguntas/pregunta_2388925.docx',8,89,23,'2025-09-25 16:48:20.121667',1,'A',0),
(2677,2,'2388926','preguntas/pregunta_2388926.docx',8,89,23,'2025-09-25 16:48:20.323539',1,'A',0),
(2678,2,'2388927','preguntas/pregunta_2388927.docx',8,89,23,'2025-09-25 16:48:20.537304',1,'A',0),
(2679,2,'2388928','preguntas/pregunta_2388928.docx',8,89,23,'2025-09-25 16:48:20.809004',1,'A',0),
(2680,2,'2388929','preguntas/pregunta_2388929.docx',8,89,23,'2025-09-25 16:48:21.022876',1,'A',0),
(2681,2,'23889210','preguntas/pregunta_23889210.docx',8,89,23,'2025-09-25 16:48:21.257741',1,'A',0),
(2682,2,'23889211','preguntas/pregunta_23889211.docx',8,89,23,'2025-09-25 16:48:21.524084',1,'A',0),
(2683,2,'23889212','preguntas/pregunta_23889212.docx',8,89,23,'2025-09-25 16:48:21.769502',1,'A',0),
(2684,2,'23889213','preguntas/pregunta_23889213.docx',8,89,23,'2025-09-25 16:48:21.971933',1,'A',0),
(2685,2,'23889214','preguntas/pregunta_23889214.docx',8,89,23,'2025-09-25 16:48:22.234585',1,'A',0),
(2686,2,'23889215','preguntas/pregunta_23889215.docx',8,89,23,'2025-09-25 16:48:22.420505',1,'A',0),
(2687,2,'23889216','preguntas/pregunta_23889216.docx',8,89,23,'2025-09-25 16:48:22.635223',1,'A',0),
(2688,2,'23889217','preguntas/pregunta_23889217.docx',8,89,23,'2025-09-25 16:48:22.808446',1,'A',0),
(2689,2,'23889218','preguntas/pregunta_23889218.docx',8,89,23,'2025-09-25 16:48:23.040059',1,'A',0),
(2690,2,'2382021','preguntas/pregunta_2382021.docx',8,20,23,'2025-09-25 16:52:13.834104',1,'A',0),
(2691,2,'2382022','preguntas/pregunta_2382022.docx',8,20,23,'2025-09-25 16:52:14.109652',1,'A',0),
(2692,2,'2382023','preguntas/pregunta_2382023.docx',8,20,23,'2025-09-25 16:52:14.369431',1,'A',0),
(2693,2,'2382024','preguntas/pregunta_2382024.docx',8,20,23,'2025-09-25 16:52:14.603351',1,'A',0),
(2694,2,'2382025','preguntas/pregunta_2382025.docx',8,20,23,'2025-09-25 16:52:14.857853',1,'A',0),
(2695,2,'2382026','preguntas/pregunta_2382026.docx',8,20,23,'2025-09-25 16:52:15.085297',1,'A',0),
(2696,2,'2382027','preguntas/pregunta_2382027.docx',8,20,23,'2025-09-25 16:52:15.316856',1,'A',0),
(2697,2,'2382028','preguntas/pregunta_2382028.docx',8,20,23,'2025-09-25 16:52:15.579505',1,'A',0),
(2698,2,'2382029','preguntas/pregunta_2382029.docx',8,20,23,'2025-09-25 16:52:15.809254',1,'A',0),
(2699,2,'23820210','preguntas/pregunta_23820210.docx',8,20,23,'2025-09-25 16:52:16.042728',1,'A',0),
(2700,2,'23820211','preguntas/pregunta_23820211.docx',8,20,23,'2025-09-25 16:52:16.282458',1,'A',0),
(2701,2,'23820212','preguntas/pregunta_23820212.docx',8,20,23,'2025-09-25 16:52:16.524649',1,'A',0),
(2702,2,'23820213','preguntas/pregunta_23820213.docx',8,20,23,'2025-09-25 16:52:16.707461',1,'A',0),
(2703,2,'23820214','preguntas/pregunta_23820214.docx',8,20,23,'2025-09-25 16:52:16.933452',1,'A',0),
(2704,2,'23820215','preguntas/pregunta_23820215.docx',8,20,23,'2025-09-25 16:52:17.148827',1,'A',0),
(2705,2,'23820216','preguntas/pregunta_23820216.docx',8,20,23,'2025-09-25 16:52:17.370955',1,'A',0),
(2706,2,'23820217','preguntas/pregunta_23820217.docx',8,20,23,'2025-09-25 16:52:17.586254',1,'A',0),
(2707,2,'23820218','preguntas/pregunta_23820218.docx',8,20,23,'2025-09-25 16:52:17.818877',1,'A',0),
(2708,2,'23820219','preguntas/pregunta_23820219.docx',8,20,23,'2025-09-25 16:52:17.992641',1,'A',0),
(2709,2,'23820220','preguntas/pregunta_23820220.docx',8,20,23,'2025-09-25 16:52:18.192274',1,'A',0),
(2710,2,'23820221','preguntas/pregunta_23820221.docx',8,20,23,'2025-09-25 16:52:18.398152',1,'A',0),
(2711,2,'23820222','preguntas/pregunta_23820222.docx',8,20,23,'2025-09-25 16:52:18.756113',1,'A',0),
(2712,2,'23820223','preguntas/pregunta_23820223.docx',8,20,23,'2025-09-25 16:52:18.952636',1,'A',0),
(2713,2,'23820224','preguntas/pregunta_23820224.docx',8,20,23,'2025-09-25 16:52:19.159087',1,'A',0),
(2714,2,'2388621','preguntas/pregunta_2388621.docx',8,86,23,'2025-09-25 16:52:43.827575',1,'A',0),
(2715,2,'2388622','preguntas/pregunta_2388622.docx',8,86,23,'2025-09-25 16:52:44.043414',1,'A',0),
(2716,2,'2388623','preguntas/pregunta_2388623.docx',8,86,23,'2025-09-25 16:52:44.257487',1,'A',0),
(2717,2,'2388624','preguntas/pregunta_2388624.docx',8,86,23,'2025-09-25 16:52:44.447848',1,'A',0),
(2718,2,'2388625','preguntas/pregunta_2388625.docx',8,86,23,'2025-09-25 16:52:44.692054',1,'A',0),
(2719,2,'2388626','preguntas/pregunta_2388626.docx',8,86,23,'2025-09-25 16:52:44.928757',1,'A',0),
(2720,2,'2388627','preguntas/pregunta_2388627.docx',8,86,23,'2025-09-25 16:52:45.132231',1,'A',0),
(2721,2,'2388628','preguntas/pregunta_2388628.docx',8,86,23,'2025-09-25 16:52:45.325433',1,'A',0),
(2722,2,'2388629','preguntas/pregunta_2388629.docx',8,86,23,'2025-09-25 16:52:45.509772',1,'A',0),
(2723,2,'23886210','preguntas/pregunta_23886210.docx',8,86,23,'2025-09-25 16:52:45.715928',1,'A',0),
(2724,2,'23886211','preguntas/pregunta_23886211.docx',8,86,23,'2025-09-25 16:52:45.943542',1,'A',0),
(2725,2,'23886212','preguntas/pregunta_23886212.docx',8,86,23,'2025-09-25 16:52:46.132010',1,'A',0),
(2726,2,'23886213','preguntas/pregunta_23886213.docx',8,86,23,'2025-09-25 16:52:46.306499',1,'A',0),
(2727,2,'23886214','preguntas/pregunta_23886214.docx',8,86,23,'2025-09-25 16:52:46.504692',1,'A',0),
(2728,2,'23886215','preguntas/pregunta_23886215.docx',8,86,23,'2025-09-25 16:52:46.691153',1,'A',0),
(2729,2,'23886216','preguntas/pregunta_23886216.docx',8,86,23,'2025-09-25 16:52:46.894032',1,'A',0),
(2730,2,'23886217','preguntas/pregunta_23886217.docx',8,86,23,'2025-09-25 16:52:47.097438',1,'A',0),
(2731,2,'23886218','preguntas/pregunta_23886218.docx',8,86,23,'2025-09-25 16:52:47.313695',1,'A',0),
(2732,2,'23886219','preguntas/pregunta_23886219.docx',8,86,23,'2025-09-25 16:52:47.535169',1,'A',0),
(2733,2,'2389021','preguntas/pregunta_2389021.docx',8,90,23,'2025-09-25 17:17:17.296172',1,'A',0),
(2734,2,'2389022','preguntas/pregunta_2389022.docx',8,90,23,'2025-09-25 17:17:17.562352',1,'A',0),
(2735,2,'2389023','preguntas/pregunta_2389023.docx',8,90,23,'2025-09-25 17:17:17.868781',1,'A',0),
(2736,2,'2389024','preguntas/pregunta_2389024.docx',8,90,23,'2025-09-25 17:17:18.097917',1,'A',0),
(2737,2,'2389025','preguntas/pregunta_2389025.docx',8,90,23,'2025-09-25 17:17:18.417153',1,'A',0),
(2738,2,'2389026','preguntas/pregunta_2389026.docx',8,90,23,'2025-09-25 17:17:18.675813',1,'A',0),
(2739,2,'2389027','preguntas/pregunta_2389027.docx',8,90,23,'2025-09-25 17:17:18.974238',1,'A',0),
(2740,2,'2389028','preguntas/pregunta_2389028.docx',8,90,23,'2025-09-25 17:17:19.218443',1,'A',0),
(2741,2,'2389029','preguntas/pregunta_2389029.docx',8,90,23,'2025-09-25 17:17:19.504257',1,'A',0),
(2742,2,'23890210','preguntas/pregunta_23890210.docx',8,90,23,'2025-09-25 17:17:19.803302',1,'A',0),
(2743,2,'23890211','preguntas/pregunta_23890211.docx',8,90,23,'2025-09-25 17:17:20.028085',1,'A',0),
(2744,2,'23890212','preguntas/pregunta_23890212.docx',8,90,23,'2025-09-25 17:17:20.359177',1,'A',0),
(2745,2,'23890213','preguntas/pregunta_23890213.docx',8,90,23,'2025-09-25 17:17:20.707760',1,'A',0),
(2746,2,'23890214','preguntas/pregunta_23890214.docx',8,90,23,'2025-09-25 17:17:20.985917',1,'A',0),
(2747,2,'23890215','preguntas/pregunta_23890215.docx',8,90,23,'2025-09-25 17:17:21.296538',1,'A',0),
(2748,2,'23890216','preguntas/pregunta_23890216.docx',8,90,23,'2025-09-25 17:17:21.459116',1,'A',0),
(2749,2,'23890217','preguntas/pregunta_23890217.docx',8,90,23,'2025-09-25 17:17:21.715791',1,'A',0),
(2750,2,'23890218','preguntas/pregunta_23890218.docx',8,90,23,'2025-09-25 17:17:22.012893',1,'A',0),
(2751,2,'23890219','preguntas/pregunta_23890219.docx',8,90,23,'2025-09-25 17:17:22.266324',1,'A',0),
(2752,2,'23890220','preguntas/pregunta_23890220.docx',8,90,23,'2025-09-25 17:17:22.524656',1,'A',0),
(2753,2,'23890221','preguntas/pregunta_23890221.docx',8,90,23,'2025-09-25 17:17:22.827140',1,'A',0),
(2754,2,'23890222','preguntas/pregunta_23890222.docx',8,90,23,'2025-09-25 17:17:23.075589',1,'A',0),
(2755,2,'23890223','preguntas/pregunta_23890223.docx',8,90,23,'2025-09-25 17:17:23.403426',1,'A',0),
(2756,2,'23890224','preguntas/pregunta_23890224.docx',8,90,23,'2025-09-25 17:17:23.723593',1,'A',0),
(2757,2,'23890225','preguntas/pregunta_23890225.docx',8,90,23,'2025-09-25 17:17:23.922167',1,'A',0),
(2758,2,'23890226','preguntas/pregunta_23890226.docx',8,90,23,'2025-09-25 17:17:24.135823',1,'A',0),
(2759,2,'23890227','preguntas/pregunta_23890227.docx',8,90,23,'2025-09-25 17:17:24.488824',1,'A',0),
(2760,2,'23890228','preguntas/pregunta_23890228.docx',8,90,23,'2025-09-25 17:17:24.750872',1,'A',0),
(2761,2,'23890229','preguntas/pregunta_23890229.docx',8,90,23,'2025-09-25 17:17:25.016556',1,'A',0),
(2762,2,'23890230','preguntas/pregunta_23890230.docx',8,90,23,'2025-09-25 17:17:25.330177',1,'A',0),
(2763,2,'23890231','preguntas/pregunta_23890231.docx',8,90,23,'2025-09-25 17:17:25.570342',1,'A',0),
(2764,2,'23890232','preguntas/pregunta_23890232.docx',8,90,23,'2025-09-25 17:17:25.861122',1,'A',0),
(2765,2,'23890233','preguntas/pregunta_23890233.docx',8,90,23,'2025-09-25 17:17:26.214657',1,'A',0),
(2766,2,'23890234','preguntas/pregunta_23890234.docx',8,90,23,'2025-09-25 17:17:26.481121',1,'A',0),
(2767,2,'23890235','preguntas/pregunta_23890235.docx',8,90,23,'2025-09-25 17:17:26.743498',1,'A',0),
(2768,2,'23890236','preguntas/pregunta_23890236.docx',8,90,23,'2025-09-25 17:17:27.110964',1,'A',0),
(2769,2,'23890237','preguntas/pregunta_23890237.docx',8,90,23,'2025-09-25 17:17:27.328474',1,'A',0),
(2770,2,'23890238','preguntas/pregunta_23890238.docx',8,90,23,'2025-09-25 17:17:27.606424',1,'A',0),
(2771,2,'23890239','preguntas/pregunta_23890239.docx',8,90,23,'2025-09-25 17:17:28.341169',1,'A',0),
(2772,2,'23890240','preguntas/pregunta_23890240.docx',8,90,23,'2025-09-25 17:17:28.540560',1,'A',0),
(2773,2,'23890241','preguntas/pregunta_23890241.docx',8,90,23,'2025-09-25 17:17:28.788865',1,'A',0),
(2774,2,'23890242','preguntas/pregunta_23890242.docx',8,90,23,'2025-09-25 17:17:29.074943',1,'A',0),
(2775,2,'23890243','preguntas/pregunta_23890243.docx',8,90,23,'2025-09-25 17:17:29.315513',1,'A',0),
(2776,2,'23890244','preguntas/pregunta_23890244.docx',8,90,23,'2025-09-25 17:17:29.537498',1,'A',0),
(2777,2,'23890245','preguntas/pregunta_23890245.docx',8,90,23,'2025-09-25 17:17:29.827494',1,'A',0),
(2778,2,'23890246','preguntas/pregunta_23890246.docx',8,90,23,'2025-09-25 17:17:30.066272',1,'A',0),
(2779,2,'23890247','preguntas/pregunta_23890247.docx',8,90,23,'2025-09-25 17:17:30.281656',1,'A',0),
(2780,2,'23890248','preguntas/pregunta_23890248.docx',8,90,23,'2025-09-25 17:17:30.556784',1,'A',0),
(2781,2,'23890249','preguntas/pregunta_23890249.docx',8,90,23,'2025-09-25 17:17:30.764779',1,'A',0),
(2782,2,'23890250','preguntas/pregunta_23890250.docx',8,90,23,'2025-09-25 17:17:30.969566',1,'A',0),
(2783,2,'23890251','preguntas/pregunta_23890251.docx',8,90,23,'2025-09-25 17:17:31.228331',1,'A',0),
(2784,2,'23890252','preguntas/pregunta_23890252.docx',8,90,23,'2025-09-25 17:17:31.434574',1,'A',0),
(2785,2,'23890253','preguntas/pregunta_23890253.docx',8,90,23,'2025-09-25 17:17:31.651642',1,'A',0),
(2786,2,'23890254','preguntas/pregunta_23890254.docx',8,90,23,'2025-09-25 17:17:31.915457',1,'A',0),
(2787,2,'23890255','preguntas/pregunta_23890255.docx',8,90,23,'2025-09-25 17:17:32.134370',1,'A',0),
(2788,2,'23890256','preguntas/pregunta_23890256.docx',8,90,23,'2025-09-25 17:17:32.358159',1,'A',0),
(2789,2,'23890257','preguntas/pregunta_23890257.docx',8,90,23,'2025-09-25 17:17:32.669891',1,'A',0),
(2790,2,'23890258','preguntas/pregunta_23890258.docx',8,90,23,'2025-09-25 17:17:32.931981',1,'A',0),
(2791,2,'23890259','preguntas/pregunta_23890259.docx',8,90,23,'2025-09-25 17:17:33.138699',1,'A',0),
(2792,2,'23890260','preguntas/pregunta_23890260.docx',8,90,23,'2025-09-25 17:17:33.393496',1,'A',0),
(2793,2,'23890261','preguntas/pregunta_23890261.docx',8,90,23,'2025-09-25 17:17:33.607456',1,'A',0),
(2794,2,'23890262','preguntas/pregunta_23890262.docx',8,90,23,'2025-09-25 17:17:33.844100',1,'A',0),
(2795,2,'23890263','preguntas/pregunta_23890263.docx',8,90,23,'2025-09-25 17:17:34.138628',1,'A',0),
(2796,2,'23890264','preguntas/pregunta_23890264.docx',8,90,23,'2025-09-25 17:17:34.344298',1,'A',0),
(2797,2,'23890265','preguntas/pregunta_23890265.docx',8,90,23,'2025-09-25 17:17:34.583168',1,'A',0);
/*!40000 ALTER TABLE `Preguntas_pregunta` ENABLE KEYS */;
UNLOCK TABLES;

--
-- Table structure for table `Preguntas_tema`
--

DROP TABLE IF EXISTS `Preguntas_tema`;
/*!40101 SET @saved_cs_client     = @@character_set_client */;
/*!40101 SET character_set_client = utf8mb4 */;
CREATE TABLE `Preguntas_tema` (
  `id` bigint(20) NOT NULL AUTO_INCREMENT,
  `nombre` varchar(100) NOT NULL,
  `curso_id` bigint(20) NOT NULL,
  PRIMARY KEY (`id`),
  KEY `Preguntas_tema_curso_id_25756dad_fk_Preguntas_curso_id` (`curso_id`),
  CONSTRAINT `Preguntas_tema_curso_id_25756dad_fk_Preguntas_curso_id` FOREIGN KEY (`curso_id`) REFERENCES `Preguntas_curso` (`id`)
) ENGINE=InnoDB AUTO_INCREMENT=92 DEFAULT CHARSET=utf8mb4 COLLATE=utf8mb4_general_ci;
/*!40101 SET character_set_client = @saved_cs_client */;

--
-- Dumping data for table `Preguntas_tema`
--

LOCK TABLES `Preguntas_tema` WRITE;
/*!40000 ALTER TABLE `Preguntas_tema` DISABLE KEYS */;
INSERT INTO `Preguntas_tema` VALUES
(1,'DINAMICA',1),
(2,'ESTÁTICA',1),
(3,'HIDROSTÁTICA',1),
(4,'MRU',1),
(6,'TEORÍA DE EXPONENTES',5),
(7,'PRODUCTOS NOTABLES',5),
(8,'POLINOMIOS',5),
(9,'DIVISION DE POLINOMIOS',5),
(10,'FACTORIZACIÓN',5),
(12,'COCIENTES NOTABLES',5),
(13,'RADICACION',5),
(14,'MATRICES Y DETERMINANTES',5),
(15,'NÚMEROS IMAGINARIOS',5),
(16,'LOGARITMOS',5),
(17,'FUNCIONES',5),
(18,'RELACIONES',5),
(19,'ECUACIONES',5),
(20,'SINÓNIMOS',8),
(21,'ANTÓNIMOS',8),
(22,'ELIMINACION DE ORACIONES',8),
(23,'COMPRENSIÓN DE TEXTOS',8),
(24,'ANALOGÍAS',8),
(25,'RAICES GRECOLATINAS',8),
(26,'SINONIMIA CONTEXTUAL',8),
(27,'ANTONIMIA CONTEXTUAL',8),
(28,'TERMINO EXCLUIDO',8),
(29,'RAZ. INDUCTIVO - DEDUCTIVO',7),
(30,'PLANTEO DE ECUACIONES',7),
(31,'OPERADORES MATEMÁTICOS',7),
(32,'SUCESIONES - PROGRESIONES',7),
(33,'INTRODUCCIÓN A LA BIOLOGÍA',2),
(34,'CARACTERÍSTICAS DE LOS SERES VIVOS',2),
(35,'BIOQUÍMICA',2),
(37,'USO DE MAYÚSCULAS',8),
(38,'USO DE MINÚSCULAS',8),
(39,'ORTOGRAFÍA',8),
(40,'SIGNOS DE PUNTUACIÓN',8),
(41,'PRECISIÓN LÉXICA',8),
(42,'CONECTORES Y TRANSPOSITORES',8),
(43,'PLAN DE REDACCIÓN',8),
(44,'LA CIENCIA ECONÓMICA',15),
(45,'DIVISIÓN DE LA ECONOMÍA',15),
(46,'NECESIDADES Y PROCESO ECONÓMICO',15),
(47,'BIENES Y SERVICIOS',15),
(48,'PRODUCCIÓN',15),
(49,'EL TRABAJO',15),
(50,'LA NATURALEZA Y EL CAPITAL',15),
(51,'LA EMPRESA',15),
(52,'LA CIRCULACIÓN Y LOS MERCADOS',15),
(53,'LA DEMANDA',15),
(54,'LA OFERTA',15),
(55,'EDADES',7),
(56,'ÁNGULOS Y TRIÁNGULOS',9),
(57,'LINEAS Y PUNTOS NOTABLES',9),
(58,'CONGRUENCIA DE TRIANGULOS',9),
(59,'CUADRILÁTEROS',9),
(60,'POLÍGONOS',9),
(61,'CIRCUNFERENCIA',9),
(62,'CUADRILATEROS INSCRIPTIBLES',9),
(63,'PROPORCIONALIDAD',9),
(64,'SEMEJANZA DE TRIANGULOS',9),
(66,'RELACIONES MÉTRICAS',9),
(67,'ÁREA DE REGIONES PLANAS',9),
(68,'EXÁMENES ECOLOGIA',17),
(69,'EXÁMENES FILOSOFÍA',12),
(70,'EXÁMENES GEOGRAFÍA',16),
(71,'EXÁMENES HISTORIA',14),
(72,'ANTROPOGENESIS',14),
(73,'POBLAMIENTO DE AMERICA',14),
(74,'LOS BARBAROS',14),
(75,'EDAD MODERNA',14),
(76,'GRANDES DESCUBRIMIENTOS E INVACIÓN DEL PERÚ',14),
(77,'VIRREYNATO PERUANO Y REFORMAS BORBÓNICAS',14),
(78,'REVOLUCIÓN FRANCESA , IND. DE EEUU Y EMANCIPACION DE AMERICA',14),
(79,'PERU REPUBLICA , PRIMER MILITARISMO Y REV. INDUSTRIAL',14),
(80,'GUERRA DEL PACIFICO RECONS. NACIONAL Y REPUBLICA ARISTOCRATICA',14),
(81,'PRIMERA GUERRA MUNDIAL',14),
(82,'EXÁMENES LENGUAJE',11),
(83,'LITERATURA EXÁMENES',3),
(84,'EXÁMENES QUÍMICA',6),
(85,'ANTONIMIA CONTEXTUAL',8),
(86,'SINONIMIA CONTEXTUAL',8),
(87,'HIPERÓNIMOS HIPÓNIMOS COHIPÓNIMOS',8),
(88,'EXTENCIÓN INTENSIÓN INCLUSIÓN EXCLUSIÓN',8),
(89,'ORDEN DE INFORMACIÓN',8),
(90,'TEXTOS',8),
(91,'TEORÍA LINGÜÍSTICA',11);
/*!40000 ALTER TABLE `Preguntas_tema` ENABLE KEYS */;
UNLOCK TABLES;

--
-- Table structure for table `Preguntas_universidad`
--

DROP TABLE IF EXISTS `Preguntas_universidad`;
/*!40101 SET @saved_cs_client     = @@character_set_client */;
/*!40101 SET character_set_client = utf8mb4 */;
CREATE TABLE `Preguntas_universidad` (
  `id` bigint(20) NOT NULL AUTO_INCREMENT,
  `nombre` varchar(100) NOT NULL,
  PRIMARY KEY (`id`),
  UNIQUE KEY `Preguntas_universidad_nombre_5ded2f01_uniq` (`nombre`)
) ENGINE=InnoDB AUTO_INCREMENT=24 DEFAULT CHARSET=utf8mb4 COLLATE=utf8mb4_general_ci;
/*!40101 SET character_set_client = @saved_cs_client */;

--
-- Dumping data for table `Preguntas_universidad`
--

LOCK TABLES `Preguntas_universidad` WRITE;
/*!40000 ALTER TABLE `Preguntas_universidad` DISABLE KEYS */;
INSERT INTO `Preguntas_universidad` VALUES
(17,'(CALLAO) UNIVERSIDAD NACIONAL DEL CALLAO'),
(19,'(PUCP) PONTIFICIA UNIVERSIDAD CATÓLICA'),
(16,'(UNC) UNIVERSIDAD NACIONAL DE CAJAMARCA'),
(20,'(UNMSM) UNIVERSIDAD NACIONAL MAYOR DE SAN MARCOS'),
(18,'(UNT) UNIVERSIDAD NACIONAL DE TRUJILLO'),
(23,'CEPUNC'),
(22,'DECO PUCP'),
(21,'DECO SAN MARCOS');
/*!40000 ALTER TABLE `Preguntas_universidad` ENABLE KEYS */;
UNLOCK TABLES;

--
-- Table structure for table `Preguntas_universidad_cursos`
--

DROP TABLE IF EXISTS `Preguntas_universidad_cursos`;
/*!40101 SET @saved_cs_client     = @@character_set_client */;
/*!40101 SET character_set_client = utf8mb4 */;
CREATE TABLE `Preguntas_universidad_cursos` (
  `id` bigint(20) NOT NULL AUTO_INCREMENT,
  `universidad_id` bigint(20) NOT NULL,
  `curso_id` bigint(20) NOT NULL,
  PRIMARY KEY (`id`),
  UNIQUE KEY `Preguntas_universidad_cu_universidad_id_curso_id_09898fa1_uniq` (`universidad_id`,`curso_id`),
  KEY `Preguntas_universida_curso_id_851ea6eb_fk_Preguntas` (`curso_id`),
  CONSTRAINT `Preguntas_universida_curso_id_851ea6eb_fk_Preguntas` FOREIGN KEY (`curso_id`) REFERENCES `Preguntas_curso` (`id`),
  CONSTRAINT `Preguntas_universida_universidad_id_886c4932_fk_Preguntas` FOREIGN KEY (`universidad_id`) REFERENCES `Preguntas_universidad` (`id`)
) ENGINE=InnoDB AUTO_INCREMENT=292 DEFAULT CHARSET=utf8mb4 COLLATE=utf8mb4_general_ci;
/*!40101 SET character_set_client = @saved_cs_client */;

--
-- Dumping data for table `Preguntas_universidad_cursos`
--

LOCK TABLES `Preguntas_universidad_cursos` WRITE;
/*!40000 ALTER TABLE `Preguntas_universidad_cursos` DISABLE KEYS */;
INSERT INTO `Preguntas_universidad_cursos` VALUES
(162,16,1),
(163,16,2),
(164,16,3),
(165,16,4),
(166,16,5),
(167,16,6),
(168,16,7),
(169,16,8),
(170,16,9),
(171,16,10),
(172,16,11),
(173,16,12),
(174,16,13),
(175,16,14),
(176,16,15),
(177,16,16),
(274,16,17),
(178,17,1),
(179,17,2),
(180,17,3),
(181,17,4),
(182,17,5),
(183,17,6),
(184,17,7),
(185,17,8),
(186,17,9),
(187,17,10),
(188,17,11),
(189,17,12),
(190,17,13),
(191,17,14),
(192,17,15),
(193,17,16),
(194,18,1),
(195,18,2),
(196,18,3),
(197,18,4),
(198,18,5),
(199,18,6),
(200,18,7),
(201,18,8),
(202,18,9),
(203,18,10),
(204,18,11),
(205,18,12),
(206,18,13),
(207,18,14),
(208,18,15),
(209,18,16),
(210,19,1),
(211,19,2),
(212,19,3),
(213,19,4),
(214,19,5),
(215,19,6),
(216,19,7),
(217,19,8),
(218,19,9),
(219,19,10),
(220,19,11),
(221,19,12),
(222,19,13),
(223,19,14),
(224,19,15),
(225,19,16),
(226,20,1),
(227,20,2),
(228,20,3),
(229,20,4),
(230,20,5),
(231,20,6),
(232,20,7),
(233,20,8),
(234,20,9),
(235,20,10),
(236,20,11),
(237,20,12),
(238,20,13),
(239,20,14),
(240,20,15),
(241,20,16),
(242,21,1),
(243,21,2),
(244,21,3),
(245,21,4),
(246,21,5),
(247,21,6),
(248,21,7),
(249,21,8),
(250,21,9),
(251,21,10),
(252,21,11),
(253,21,12),
(254,21,13),
(255,21,14),
(256,21,15),
(257,21,16),
(258,22,1),
(259,22,2),
(260,22,3),
(261,22,4),
(262,22,5),
(263,22,6),
(264,22,7),
(265,22,8),
(266,22,9),
(267,22,10),
(268,22,11),
(269,22,12),
(270,22,13),
(271,22,14),
(272,22,15),
(273,22,16),
(275,23,1),
(276,23,2),
(277,23,3),
(278,23,4),
(279,23,5),
(280,23,6),
(281,23,7),
(282,23,8),
(283,23,9),
(284,23,10),
(285,23,11),
(286,23,12),
(287,23,13),
(288,23,14),
(289,23,15),
(290,23,16),
(291,23,17);
/*!40000 ALTER TABLE `Preguntas_universidad_cursos` ENABLE KEYS */;
UNLOCK TABLES;

--
-- Table structure for table `Preguntas_userprofile`
--

DROP TABLE IF EXISTS `Preguntas_userprofile`;
/*!40101 SET @saved_cs_client     = @@character_set_client */;
/*!40101 SET character_set_client = utf8mb4 */;
CREATE TABLE `Preguntas_userprofile` (
  `id` bigint(20) NOT NULL AUTO_INCREMENT,
  `is_active` tinyint(1) NOT NULL,
  `user_id` int(11) NOT NULL,
  `role` varchar(20) NOT NULL,
  PRIMARY KEY (`id`),
  UNIQUE KEY `user_id` (`user_id`),
  CONSTRAINT `Preguntas_userprofile_user_id_5bdd64e6_fk_auth_user_id` FOREIGN KEY (`user_id`) REFERENCES `auth_user` (`id`)
) ENGINE=InnoDB AUTO_INCREMENT=8 DEFAULT CHARSET=utf8mb4 COLLATE=utf8mb4_general_ci;
/*!40101 SET character_set_client = @saved_cs_client */;

--
-- Dumping data for table `Preguntas_userprofile`
--

LOCK TABLES `Preguntas_userprofile` WRITE;
/*!40000 ALTER TABLE `Preguntas_userprofile` DISABLE KEYS */;
INSERT INTO `Preguntas_userprofile` VALUES
(1,1,1,'admin'),
(2,1,2,'user'),
(3,1,3,'user'),
(4,1,4,'user'),
(5,1,5,'supervisor'),
(6,1,6,'supervisor'),
(7,1,7,'admin');
/*!40000 ALTER TABLE `Preguntas_userprofile` ENABLE KEYS */;
UNLOCK TABLES;

--
-- Table structure for table `auth_group`
--

DROP TABLE IF EXISTS `auth_group`;
/*!40101 SET @saved_cs_client     = @@character_set_client */;
/*!40101 SET character_set_client = utf8mb4 */;
CREATE TABLE `auth_group` (
  `id` int(11) NOT NULL AUTO_INCREMENT,
  `name` varchar(150) NOT NULL,
  PRIMARY KEY (`id`),
  UNIQUE KEY `name` (`name`)
) ENGINE=InnoDB DEFAULT CHARSET=utf8mb4 COLLATE=utf8mb4_general_ci;
/*!40101 SET character_set_client = @saved_cs_client */;

--
-- Dumping data for table `auth_group`
--

LOCK TABLES `auth_group` WRITE;
/*!40000 ALTER TABLE `auth_group` DISABLE KEYS */;
/*!40000 ALTER TABLE `auth_group` ENABLE KEYS */;
UNLOCK TABLES;

--
-- Table structure for table `auth_group_permissions`
--

DROP TABLE IF EXISTS `auth_group_permissions`;
/*!40101 SET @saved_cs_client     = @@character_set_client */;
/*!40101 SET character_set_client = utf8mb4 */;
CREATE TABLE `auth_group_permissions` (
  `id` bigint(20) NOT NULL AUTO_INCREMENT,
  `group_id` int(11) NOT NULL,
  `permission_id` int(11) NOT NULL,
  PRIMARY KEY (`id`),
  UNIQUE KEY `auth_group_permissions_group_id_permission_id_0cd325b0_uniq` (`group_id`,`permission_id`),
  KEY `auth_group_permissio_permission_id_84c5c92e_fk_auth_perm` (`permission_id`),
  CONSTRAINT `auth_group_permissio_permission_id_84c5c92e_fk_auth_perm` FOREIGN KEY (`permission_id`) REFERENCES `auth_permission` (`id`),
  CONSTRAINT `auth_group_permissions_group_id_b120cbf9_fk_auth_group_id` FOREIGN KEY (`group_id`) REFERENCES `auth_group` (`id`)
) ENGINE=InnoDB DEFAULT CHARSET=utf8mb4 COLLATE=utf8mb4_general_ci;
/*!40101 SET character_set_client = @saved_cs_client */;

--
-- Dumping data for table `auth_group_permissions`
--

LOCK TABLES `auth_group_permissions` WRITE;
/*!40000 ALTER TABLE `auth_group_permissions` DISABLE KEYS */;
/*!40000 ALTER TABLE `auth_group_permissions` ENABLE KEYS */;
UNLOCK TABLES;

--
-- Table structure for table `auth_permission`
--

DROP TABLE IF EXISTS `auth_permission`;
/*!40101 SET @saved_cs_client     = @@character_set_client */;
/*!40101 SET character_set_client = utf8mb4 */;
CREATE TABLE `auth_permission` (
  `id` int(11) NOT NULL AUTO_INCREMENT,
  `name` varchar(255) NOT NULL,
  `content_type_id` int(11) NOT NULL,
  `codename` varchar(100) NOT NULL,
  PRIMARY KEY (`id`),
  UNIQUE KEY `auth_permission_content_type_id_codename_01ab375a_uniq` (`content_type_id`,`codename`),
  CONSTRAINT `auth_permission_content_type_id_2f476e4b_fk_django_co` FOREIGN KEY (`content_type_id`) REFERENCES `django_content_type` (`id`)
) ENGINE=InnoDB AUTO_INCREMENT=53 DEFAULT CHARSET=utf8mb4 COLLATE=utf8mb4_general_ci;
/*!40101 SET character_set_client = @saved_cs_client */;

--
-- Dumping data for table `auth_permission`
--

LOCK TABLES `auth_permission` WRITE;
/*!40000 ALTER TABLE `auth_permission` DISABLE KEYS */;
INSERT INTO `auth_permission` VALUES
(1,'Can add log entry',1,'add_logentry'),
(2,'Can change log entry',1,'change_logentry'),
(3,'Can delete log entry',1,'delete_logentry'),
(4,'Can view log entry',1,'view_logentry'),
(5,'Can add permission',2,'add_permission'),
(6,'Can change permission',2,'change_permission'),
(7,'Can delete permission',2,'delete_permission'),
(8,'Can view permission',2,'view_permission'),
(9,'Can add group',3,'add_group'),
(10,'Can change group',3,'change_group'),
(11,'Can delete group',3,'delete_group'),
(12,'Can view group',3,'view_group'),
(13,'Can add user',4,'add_user'),
(14,'Can change user',4,'change_user'),
(15,'Can delete user',4,'delete_user'),
(16,'Can view user',4,'view_user'),
(17,'Can add content type',5,'add_contenttype'),
(18,'Can change content type',5,'change_contenttype'),
(19,'Can delete content type',5,'delete_contenttype'),
(20,'Can view content type',5,'view_contenttype'),
(21,'Can add session',6,'add_session'),
(22,'Can change session',6,'change_session'),
(23,'Can delete session',6,'delete_session'),
(24,'Can view session',6,'view_session'),
(25,'Can add curso',7,'add_curso'),
(26,'Can change curso',7,'change_curso'),
(27,'Can delete curso',7,'delete_curso'),
(28,'Can view curso',7,'view_curso'),
(29,'Can add universidad',8,'add_universidad'),
(30,'Can change universidad',8,'change_universidad'),
(31,'Can delete universidad',8,'delete_universidad'),
(32,'Can view universidad',8,'view_universidad'),
(33,'Can add tema',9,'add_tema'),
(34,'Can change tema',9,'change_tema'),
(35,'Can delete tema',9,'delete_tema'),
(36,'Can view tema',9,'view_tema'),
(37,'Can add pregunta',10,'add_pregunta'),
(38,'Can change pregunta',10,'change_pregunta'),
(39,'Can delete pregunta',10,'delete_pregunta'),
(40,'Can view pregunta',10,'view_pregunta'),
(41,'Can add user profile',11,'add_userprofile'),
(42,'Can change user profile',11,'change_userprofile'),
(43,'Can delete user profile',11,'delete_userprofile'),
(44,'Can view user profile',11,'view_userprofile'),
(45,'Can add examen',12,'add_examen'),
(46,'Can change examen',12,'change_examen'),
(47,'Can delete examen',12,'delete_examen'),
(48,'Can view examen',12,'view_examen'),
(49,'Can add examen pregunta',13,'add_examenpregunta'),
(50,'Can change examen pregunta',13,'change_examenpregunta'),
(51,'Can delete examen pregunta',13,'delete_examenpregunta'),
(52,'Can view examen pregunta',13,'view_examenpregunta');
/*!40000 ALTER TABLE `auth_permission` ENABLE KEYS */;
UNLOCK TABLES;

--
-- Table structure for table `auth_user`
--

DROP TABLE IF EXISTS `auth_user`;
/*!40101 SET @saved_cs_client     = @@character_set_client */;
/*!40101 SET character_set_client = utf8mb4 */;
CREATE TABLE `auth_user` (
  `id` int(11) NOT NULL AUTO_INCREMENT,
  `password` varchar(128) NOT NULL,
  `last_login` datetime(6) DEFAULT NULL,
  `is_superuser` tinyint(1) NOT NULL,
  `username` varchar(150) NOT NULL,
  `first_name` varchar(150) NOT NULL,
  `last_name` varchar(150) NOT NULL,
  `email` varchar(254) NOT NULL,
  `is_staff` tinyint(1) NOT NULL,
  `is_active` tinyint(1) NOT NULL,
  `date_joined` datetime(6) NOT NULL,
  PRIMARY KEY (`id`),
  UNIQUE KEY `username` (`username`)
) ENGINE=InnoDB AUTO_INCREMENT=8 DEFAULT CHARSET=utf8mb4 COLLATE=utf8mb4_general_ci;
/*!40101 SET character_set_client = @saved_cs_client */;

--
-- Dumping data for table `auth_user`
--

LOCK TABLES `auth_user` WRITE;
/*!40000 ALTER TABLE `auth_user` DISABLE KEYS */;
INSERT INTO `auth_user` VALUES
(1,'pbkdf2_sha256$870000$q96pzcEx17BUWpzJRdDP6U$D8d6ayYOrz5nn1FpWSE19iZaICwb2iN10x8mEtLCHIc=','2026-01-02 16:02:08.031198',1,'RH2025','','','administracion@academiaroberthooke.com',1,1,'2025-05-20 06:57:36.185169'),
(2,'pbkdf2_sha256$870000$ow8pnbAZnmXSqTq8Gkx8ZG$UrXvk37rGYF/xyBLD3Yu+joOHb+VtsPk/PDR7rUVTH0=','2025-10-03 21:31:11.057167',0,'David2025','Franco David','Ventura Guevara','franco.venturag@gmail.com',0,1,'2025-05-20 17:08:47.661137'),
(3,'pbkdf2_sha256$870000$FoDXIeh8EFZ9Ff73NQ2MAE$L56wyiTrIpvD6izOXChKjrHB87TC31vyKsCVtOhLKZI=','2025-05-21 08:49:37.327113',0,'Jheferson','Jheferson','Chalan','jchalans20_1@unc.edu.pe',0,1,'2025-05-21 08:48:05.046521'),
(4,'pbkdf2_sha256$870000$fEHH8b4ZTMRxD9cdbrZgKB$zXae+qfmkyduVZbN6EA3jL4bZXG4Mg20diQOqsLqGaY=','2025-05-29 10:26:09.257064',0,'FRANCOUSUARIO','Franco David','Ventura Guevara','franco.venturag@gmail.com',0,1,'2025-05-24 18:11:29.660267'),
(5,'pbkdf2_sha256$870000$ixcnaTLIXZCnMDhrgVFJpX$EtuC0fm15IyrsFb3vB491sgxoX+j0OuXV98Wd19uNss=','2025-09-25 17:36:06.064621',0,'FRANCOSUPERVISOR','Franco David','Ventura Guevara','franco.venturag@gmail.com',0,1,'2025-05-24 18:12:53.667697'),
(6,'pbkdf2_sha256$870000$iig8Kh1eeZK40Fq7Iziyfv$uqhzC9NbX8oCkC6bbheRKFQTBkdubTmpa5jRwTm7xG4=','2025-08-06 16:14:32.505812',0,'YeltsinSupervisor','Yeltsin Alberto','Arrestegui Toribio','yeltsarrestegui020320@gmail.com',0,1,'2025-06-29 21:49:12.237077'),
(7,'pbkdf2_sha256$870000$8OBi7Qv2fJKiuqHsEnThYf$5Tl+EdkeJtd2DML+qpI+YgiAL9UO1OHtN9L9Rbd2IXM=','2025-08-06 17:29:13.757128',1,'YELTSINADMIN','','','',1,1,'2025-08-06 17:28:43.357063');
/*!40000 ALTER TABLE `auth_user` ENABLE KEYS */;
UNLOCK TABLES;

--
-- Table structure for table `auth_user_groups`
--

DROP TABLE IF EXISTS `auth_user_groups`;
/*!40101 SET @saved_cs_client     = @@character_set_client */;
/*!40101 SET character_set_client = utf8mb4 */;
CREATE TABLE `auth_user_groups` (
  `id` bigint(20) NOT NULL AUTO_INCREMENT,
  `user_id` int(11) NOT NULL,
  `group_id` int(11) NOT NULL,
  PRIMARY KEY (`id`),
  UNIQUE KEY `auth_user_groups_user_id_group_id_94350c0c_uniq` (`user_id`,`group_id`),
  KEY `auth_user_groups_group_id_97559544_fk_auth_group_id` (`group_id`),
  CONSTRAINT `auth_user_groups_group_id_97559544_fk_auth_group_id` FOREIGN KEY (`group_id`) REFERENCES `auth_group` (`id`),
  CONSTRAINT `auth_user_groups_user_id_6a12ed8b_fk_auth_user_id` FOREIGN KEY (`user_id`) REFERENCES `auth_user` (`id`)
) ENGINE=InnoDB DEFAULT CHARSET=utf8mb4 COLLATE=utf8mb4_general_ci;
/*!40101 SET character_set_client = @saved_cs_client */;

--
-- Dumping data for table `auth_user_groups`
--

LOCK TABLES `auth_user_groups` WRITE;
/*!40000 ALTER TABLE `auth_user_groups` DISABLE KEYS */;
/*!40000 ALTER TABLE `auth_user_groups` ENABLE KEYS */;
UNLOCK TABLES;

--
-- Table structure for table `auth_user_user_permissions`
--

DROP TABLE IF EXISTS `auth_user_user_permissions`;
/*!40101 SET @saved_cs_client     = @@character_set_client */;
/*!40101 SET character_set_client = utf8mb4 */;
CREATE TABLE `auth_user_user_permissions` (
  `id` bigint(20) NOT NULL AUTO_INCREMENT,
  `user_id` int(11) NOT NULL,
  `permission_id` int(11) NOT NULL,
  PRIMARY KEY (`id`),
  UNIQUE KEY `auth_user_user_permissions_user_id_permission_id_14a6b632_uniq` (`user_id`,`permission_id`),
  KEY `auth_user_user_permi_permission_id_1fbb5f2c_fk_auth_perm` (`permission_id`),
  CONSTRAINT `auth_user_user_permi_permission_id_1fbb5f2c_fk_auth_perm` FOREIGN KEY (`permission_id`) REFERENCES `auth_permission` (`id`),
  CONSTRAINT `auth_user_user_permissions_user_id_a95ead1b_fk_auth_user_id` FOREIGN KEY (`user_id`) REFERENCES `auth_user` (`id`)
) ENGINE=InnoDB DEFAULT CHARSET=utf8mb4 COLLATE=utf8mb4_general_ci;
/*!40101 SET character_set_client = @saved_cs_client */;

--
-- Dumping data for table `auth_user_user_permissions`
--

LOCK TABLES `auth_user_user_permissions` WRITE;
/*!40000 ALTER TABLE `auth_user_user_permissions` DISABLE KEYS */;
/*!40000 ALTER TABLE `auth_user_user_permissions` ENABLE KEYS */;
UNLOCK TABLES;

--
-- Table structure for table `django_admin_log`
--

DROP TABLE IF EXISTS `django_admin_log`;
/*!40101 SET @saved_cs_client     = @@character_set_client */;
/*!40101 SET character_set_client = utf8mb4 */;
CREATE TABLE `django_admin_log` (
  `id` int(11) NOT NULL AUTO_INCREMENT,
  `action_time` datetime(6) NOT NULL,
  `object_id` longtext DEFAULT NULL,
  `object_repr` varchar(200) NOT NULL,
  `action_flag` smallint(5) unsigned NOT NULL CHECK (`action_flag` >= 0),
  `change_message` longtext NOT NULL,
  `content_type_id` int(11) DEFAULT NULL,
  `user_id` int(11) NOT NULL,
  PRIMARY KEY (`id`),
  KEY `django_admin_log_content_type_id_c4bce8eb_fk_django_co` (`content_type_id`),
  KEY `django_admin_log_user_id_c564eba6_fk_auth_user_id` (`user_id`),
  CONSTRAINT `django_admin_log_content_type_id_c4bce8eb_fk_django_co` FOREIGN KEY (`content_type_id`) REFERENCES `django_content_type` (`id`),
  CONSTRAINT `django_admin_log_user_id_c564eba6_fk_auth_user_id` FOREIGN KEY (`user_id`) REFERENCES `auth_user` (`id`)
) ENGINE=InnoDB AUTO_INCREMENT=86 DEFAULT CHARSET=utf8mb4 COLLATE=utf8mb4_general_ci;
/*!40101 SET character_set_client = @saved_cs_client */;

--
-- Dumping data for table `django_admin_log`
--

LOCK TABLES `django_admin_log` WRITE;
/*!40000 ALTER TABLE `django_admin_log` DISABLE KEYS */;
INSERT INTO `django_admin_log` VALUES
(1,'2025-08-06 00:01:00.355320','14','OTROS',1,'[{\"added\": {}}]',8,1),
(2,'2025-08-06 00:01:44.230577','100','8729120',2,'[{\"changed\": {\"fields\": [\"Universidad\"]}}]',10,1),
(3,'2025-08-06 00:01:51.156966','101','8729121',2,'[{\"changed\": {\"fields\": [\"Universidad\"]}}]',10,1),
(4,'2025-08-06 00:01:55.872286','103','8729123',2,'[{\"changed\": {\"fields\": [\"Universidad\"]}}]',10,1),
(5,'2025-08-06 00:02:01.236137','102','8729122',2,'[{\"changed\": {\"fields\": [\"Universidad\"]}}]',10,1),
(6,'2025-08-06 00:02:08.152837','105','873011',2,'[{\"changed\": {\"fields\": [\"Universidad\"]}}]',10,1),
(7,'2025-08-06 00:02:16.775609','107','873013',2,'[{\"changed\": {\"fields\": [\"Universidad\"]}}]',10,1),
(8,'2025-08-06 00:02:25.178077','108','873014',2,'[{\"changed\": {\"fields\": [\"Universidad\"]}}]',10,1),
(9,'2025-08-06 00:02:31.293069','109','873015',2,'[{\"changed\": {\"fields\": [\"Universidad\"]}}]',10,1),
(10,'2025-08-06 00:03:11.840553','111','873017',2,'[{\"changed\": {\"fields\": [\"Universidad\"]}}]',10,1),
(11,'2025-08-06 00:03:17.216354','112','873018',2,'[{\"changed\": {\"fields\": [\"Universidad\"]}}]',10,1),
(12,'2025-08-06 15:22:01.723495','215','8731131',2,'[{\"changed\": {\"fields\": [\"Universidad\"]}}]',10,1),
(13,'2025-08-06 15:22:05.842671','214','8731130',2,'[{\"changed\": {\"fields\": [\"Universidad\"]}}]',10,1),
(14,'2025-08-06 15:22:10.431435','213','8731129',2,'[{\"changed\": {\"fields\": [\"Universidad\"]}}]',10,1),
(15,'2025-08-06 15:22:20.439022','212','8731128',2,'[{\"changed\": {\"fields\": [\"Universidad\"]}}]',10,1),
(16,'2025-08-06 15:22:24.434435','211','8731127',2,'[{\"changed\": {\"fields\": [\"Universidad\"]}}]',10,1),
(17,'2025-08-06 15:22:28.454817','210','8731126',2,'[{\"changed\": {\"fields\": [\"Universidad\"]}}]',10,1),
(18,'2025-08-06 15:22:31.791098','209','8731125',2,'[{\"changed\": {\"fields\": [\"Universidad\"]}}]',10,1),
(19,'2025-08-06 15:23:01.807591','160','8731124',2,'[{\"changed\": {\"fields\": [\"Universidad\"]}}]',10,1),
(20,'2025-08-06 15:23:43.980881','87','872917',2,'[{\"changed\": {\"fields\": [\"Universidad\"]}}]',10,1),
(21,'2025-08-06 15:24:08.825779','86','872916',2,'[{\"changed\": {\"fields\": [\"Universidad\"]}}]',10,1),
(22,'2025-08-06 15:24:16.586349','88','872918',2,'[{\"changed\": {\"fields\": [\"Universidad\"]}}]',10,1),
(23,'2025-08-06 15:24:25.975331','89','872919',2,'[{\"changed\": {\"fields\": [\"Universidad\"]}}]',10,1),
(24,'2025-08-06 15:24:40.650453','90','8729110',2,'[{\"changed\": {\"fields\": [\"Universidad\"]}}]',10,1),
(25,'2025-08-06 15:25:04.879605','83','872913',2,'[{\"changed\": {\"fields\": [\"Universidad\"]}}]',10,1),
(26,'2025-08-06 15:25:06.608582','82','872912',2,'[{\"changed\": {\"fields\": [\"Universidad\"]}}]',10,1),
(27,'2025-08-06 15:25:08.502357','81','872911',2,'[{\"changed\": {\"fields\": [\"Universidad\"]}}]',10,1),
(28,'2025-08-06 15:25:21.283047','84','872914',2,'[{\"changed\": {\"fields\": [\"Universidad\"]}}]',10,1),
(29,'2025-08-06 15:25:26.233566','85','872915',2,'[{\"changed\": {\"fields\": [\"Universidad\"]}}]',10,1),
(30,'2025-08-06 15:25:41.109781','91','8729111',2,'[{\"changed\": {\"fields\": [\"Universidad\"]}}]',10,1),
(31,'2025-08-06 15:25:44.122243','92','8729112',2,'[{\"changed\": {\"fields\": [\"Universidad\"]}}]',10,1),
(32,'2025-08-06 15:25:51.570081','93','8729113',2,'[{\"changed\": {\"fields\": [\"Universidad\"]}}]',10,1),
(33,'2025-08-06 15:25:58.869457','94','8729114',2,'[{\"changed\": {\"fields\": [\"Universidad\"]}}]',10,1),
(34,'2025-08-06 15:26:03.391125','95','8729115',2,'[{\"changed\": {\"fields\": [\"Universidad\"]}}]',10,1),
(35,'2025-08-06 15:26:32.255514','96','8729116',2,'[{\"changed\": {\"fields\": [\"Universidad\"]}}]',10,1),
(36,'2025-08-06 15:26:48.228005','97','8729117',2,'[{\"changed\": {\"fields\": [\"Universidad\"]}}]',10,1),
(37,'2025-08-06 15:26:51.910513','98','8729118',2,'[{\"changed\": {\"fields\": [\"Universidad\"]}}]',10,1),
(38,'2025-08-06 15:26:55.499155','99','8729119',2,'[{\"changed\": {\"fields\": [\"Universidad\"]}}]',10,1),
(39,'2025-08-06 15:27:15.869496','106','873012',2,'[{\"changed\": {\"fields\": [\"Universidad\"]}}]',10,1),
(40,'2025-08-06 15:27:24.765607','110','873016',2,'[{\"changed\": {\"fields\": [\"Universidad\"]}}]',10,1),
(41,'2025-08-06 15:27:44.097774','113','873019',2,'[{\"changed\": {\"fields\": [\"Universidad\"]}}]',10,1),
(42,'2025-08-06 15:27:47.299799','114','8730110',2,'[{\"changed\": {\"fields\": [\"Universidad\"]}}]',10,1),
(43,'2025-08-06 15:27:50.104289','115','8730111',2,'[{\"changed\": {\"fields\": [\"Universidad\"]}}]',10,1),
(44,'2025-08-06 15:27:53.281149','116','8730112',2,'[{\"changed\": {\"fields\": [\"Universidad\"]}}]',10,1),
(45,'2025-08-06 15:27:57.264441','117','8730113',2,'[{\"changed\": {\"fields\": [\"Universidad\"]}}]',10,1),
(46,'2025-08-06 15:28:00.404945','118','8730114',2,'[{\"changed\": {\"fields\": [\"Universidad\"]}}]',10,1),
(47,'2025-08-06 15:28:14.545263','119','8730115',2,'[{\"changed\": {\"fields\": [\"Universidad\"]}}]',10,1),
(48,'2025-08-06 15:28:21.048482','120','8730116',2,'[{\"changed\": {\"fields\": [\"Universidad\"]}}]',10,1),
(49,'2025-08-06 15:28:25.420754','121','8730117',2,'[{\"changed\": {\"fields\": [\"Universidad\"]}}]',10,1),
(50,'2025-08-06 15:28:38.894710','122','8730118',2,'[{\"changed\": {\"fields\": [\"Universidad\"]}}]',10,1),
(51,'2025-08-06 15:28:53.908738','123','8730119',2,'[{\"changed\": {\"fields\": [\"Universidad\"]}}]',10,1),
(52,'2025-08-06 15:28:57.181316','124','8730120',2,'[{\"changed\": {\"fields\": [\"Universidad\"]}}]',10,1),
(53,'2025-08-06 15:28:59.993364','125','8730121',2,'[{\"changed\": {\"fields\": [\"Universidad\"]}}]',10,1),
(54,'2025-08-06 15:29:03.104894','126','8730122',2,'[{\"changed\": {\"fields\": [\"Universidad\"]}}]',10,1),
(55,'2025-08-06 15:29:06.766512','127','8730123',2,'[{\"changed\": {\"fields\": [\"Universidad\"]}}]',10,1),
(56,'2025-08-06 15:29:11.271361','128','8730124',2,'[{\"changed\": {\"fields\": [\"Universidad\"]}}]',10,1),
(57,'2025-08-06 15:29:15.073477','137','873111',2,'[{\"changed\": {\"fields\": [\"Universidad\"]}}]',10,1),
(58,'2025-08-06 15:29:18.634993','138','873112',2,'[{\"changed\": {\"fields\": [\"Universidad\"]}}]',10,1),
(59,'2025-08-06 15:29:21.747745','139','873113',2,'[{\"changed\": {\"fields\": [\"Universidad\"]}}]',10,1),
(60,'2025-08-06 15:29:26.443854','140','873114',2,'[{\"changed\": {\"fields\": [\"Universidad\"]}}]',10,1),
(61,'2025-08-06 15:29:29.624119','141','873115',2,'[{\"changed\": {\"fields\": [\"Universidad\"]}}]',10,1),
(62,'2025-08-06 15:30:00.238140','142','873116',2,'[{\"changed\": {\"fields\": [\"Universidad\"]}}]',10,1),
(63,'2025-08-06 15:30:04.521286','143','873117',2,'[{\"changed\": {\"fields\": [\"Universidad\"]}}]',10,1),
(64,'2025-08-06 15:30:07.749760','144','873118',2,'[{\"changed\": {\"fields\": [\"Universidad\"]}}]',10,1),
(65,'2025-08-06 15:30:23.985912','145','873119',2,'[{\"changed\": {\"fields\": [\"Universidad\"]}}]',10,1),
(66,'2025-08-06 15:30:28.305330','146','8731110',2,'[{\"changed\": {\"fields\": [\"Universidad\"]}}]',10,1),
(67,'2025-08-06 15:30:31.523680','147','8731111',2,'[{\"changed\": {\"fields\": [\"Universidad\"]}}]',10,1),
(68,'2025-08-06 15:30:34.654891','148','8731112',2,'[{\"changed\": {\"fields\": [\"Universidad\"]}}]',10,1),
(69,'2025-08-06 15:30:37.782795','149','8731113',2,'[{\"changed\": {\"fields\": [\"Universidad\"]}}]',10,1),
(70,'2025-08-06 15:30:40.531608','150','8731114',2,'[{\"changed\": {\"fields\": [\"Universidad\"]}}]',10,1),
(71,'2025-08-06 15:30:44.980024','151','8731115',2,'[{\"changed\": {\"fields\": [\"Universidad\"]}}]',10,1),
(72,'2025-08-06 15:30:45.029355','151','8731115',2,'[]',10,1),
(73,'2025-08-06 15:30:48.788765','152','8731116',2,'[{\"changed\": {\"fields\": [\"Universidad\"]}}]',10,1),
(74,'2025-08-06 15:30:51.563276','153','8731117',2,'[{\"changed\": {\"fields\": [\"Universidad\"]}}]',10,1),
(75,'2025-08-06 15:30:55.310768','154','8731118',2,'[{\"changed\": {\"fields\": [\"Universidad\"]}}]',10,1),
(76,'2025-08-06 15:31:47.417259','155','8731119',2,'[{\"changed\": {\"fields\": [\"Universidad\"]}}]',10,1),
(77,'2025-08-06 15:31:50.447367','156','8731120',2,'[{\"changed\": {\"fields\": [\"Universidad\"]}}]',10,1),
(78,'2025-08-06 15:31:53.980241','157','8731121',2,'[{\"changed\": {\"fields\": [\"Universidad\"]}}]',10,1),
(79,'2025-08-06 15:31:57.891208','158','8731122',2,'[{\"changed\": {\"fields\": [\"Universidad\"]}}]',10,1),
(80,'2025-08-06 15:32:02.473446','159','8731123',2,'[{\"changed\": {\"fields\": [\"Universidad\"]}}]',10,1),
(81,'2025-08-06 15:32:07.827337','161','873211',2,'[{\"changed\": {\"fields\": [\"Universidad\"]}}]',10,1),
(82,'2025-08-06 15:32:12.259216','162','873221',2,'[{\"changed\": {\"fields\": [\"Universidad\"]}}]',10,1),
(83,'2025-08-06 15:32:18.058103','163','873271',2,'[{\"changed\": {\"fields\": [\"Universidad\"]}}]',10,1),
(84,'2025-08-06 15:32:27.266090','164','873212',2,'[{\"changed\": {\"fields\": [\"Universidad\"]}}]',10,1),
(85,'2025-08-06 17:29:31.727786','1','RH2025',2,'[{\"changed\": {\"fields\": [\"Is active\"]}}]',11,7);
/*!40000 ALTER TABLE `django_admin_log` ENABLE KEYS */;
UNLOCK TABLES;

--
-- Table structure for table `django_content_type`
--

DROP TABLE IF EXISTS `django_content_type`;
/*!40101 SET @saved_cs_client     = @@character_set_client */;
/*!40101 SET character_set_client = utf8mb4 */;
CREATE TABLE `django_content_type` (
  `id` int(11) NOT NULL AUTO_INCREMENT,
  `app_label` varchar(100) NOT NULL,
  `model` varchar(100) NOT NULL,
  PRIMARY KEY (`id`),
  UNIQUE KEY `django_content_type_app_label_model_76bd3d3b_uniq` (`app_label`,`model`)
) ENGINE=InnoDB AUTO_INCREMENT=14 DEFAULT CHARSET=utf8mb4 COLLATE=utf8mb4_general_ci;
/*!40101 SET character_set_client = @saved_cs_client */;

--
-- Dumping data for table `django_content_type`
--

LOCK TABLES `django_content_type` WRITE;
/*!40000 ALTER TABLE `django_content_type` DISABLE KEYS */;
INSERT INTO `django_content_type` VALUES
(1,'admin','logentry'),
(3,'auth','group'),
(2,'auth','permission'),
(4,'auth','user'),
(5,'contenttypes','contenttype'),
(7,'Preguntas','curso'),
(12,'Preguntas','examen'),
(13,'Preguntas','examenpregunta'),
(10,'Preguntas','pregunta'),
(9,'Preguntas','tema'),
(8,'Preguntas','universidad'),
(11,'Preguntas','userprofile'),
(6,'sessions','session');
/*!40000 ALTER TABLE `django_content_type` ENABLE KEYS */;
UNLOCK TABLES;

--
-- Table structure for table `django_migrations`
--

DROP TABLE IF EXISTS `django_migrations`;
/*!40101 SET @saved_cs_client     = @@character_set_client */;
/*!40101 SET character_set_client = utf8mb4 */;
CREATE TABLE `django_migrations` (
  `id` bigint(20) NOT NULL AUTO_INCREMENT,
  `app` varchar(255) NOT NULL,
  `name` varchar(255) NOT NULL,
  `applied` datetime(6) NOT NULL,
  PRIMARY KEY (`id`)
) ENGINE=InnoDB AUTO_INCREMENT=34 DEFAULT CHARSET=utf8mb4 COLLATE=utf8mb4_general_ci;
/*!40101 SET character_set_client = @saved_cs_client */;

--
-- Dumping data for table `django_migrations`
--

LOCK TABLES `django_migrations` WRITE;
/*!40000 ALTER TABLE `django_migrations` DISABLE KEYS */;
INSERT INTO `django_migrations` VALUES
(1,'contenttypes','0001_initial','2025-05-20 05:23:44.055770'),
(2,'auth','0001_initial','2025-05-20 05:23:45.030680'),
(3,'Preguntas','0001_initial','2025-05-20 05:23:45.648491'),
(4,'Preguntas','0002_alter_pregunta_contenido','2025-05-20 05:23:45.656913'),
(5,'Preguntas','0003_pregunta_fecha_creacion_pregunta_usuario','2025-05-20 05:23:45.843199'),
(6,'Preguntas','0004_userprofile_alter_pregunta_usuario','2025-05-20 05:23:46.400481'),
(7,'Preguntas','0005_alter_curso_universidad_alter_pregunta_curso_and_more','2025-05-20 05:23:47.581007'),
(8,'Preguntas','0006_curso_universidad_nombre_pregunta_curso_nombre_and_more','2025-05-20 05:23:47.995816'),
(9,'Preguntas','0007_alter_universidad_nombre_alter_curso_unique_together_and_more','2025-05-20 05:23:48.207185'),
(10,'Preguntas','0008_alter_curso_unique_together_and_more','2025-05-20 05:23:48.766347'),
(11,'Preguntas','0009_remove_curso_universidad_alter_tema_curso_and_more','2025-05-20 05:23:49.341915'),
(12,'Preguntas','0010_curso_universidad_alter_tema_curso_and_more','2025-05-20 05:23:49.659902'),
(13,'Preguntas','0011_remove_curso_universidad_universidad_cursos_and_more','2025-05-20 05:23:50.595629'),
(14,'Preguntas','0012_pregunta_respuesta_alter_pregunta_contenido_and_more','2025-05-20 05:23:50.897080'),
(15,'admin','0001_initial','2025-05-20 05:23:51.109995'),
(16,'admin','0002_logentry_remove_auto_add','2025-05-20 05:23:51.125418'),
(17,'admin','0003_logentry_add_action_flag_choices','2025-05-20 05:23:51.174261'),
(18,'contenttypes','0002_remove_content_type_name','2025-05-20 05:23:51.327936'),
(19,'auth','0002_alter_permission_name_max_length','2025-05-20 05:23:51.399584'),
(20,'auth','0003_alter_user_email_max_length','2025-05-20 05:23:51.445485'),
(21,'auth','0004_alter_user_username_opts','2025-05-20 05:23:51.467226'),
(22,'auth','0005_alter_user_last_login_null','2025-05-20 05:23:51.973371'),
(23,'auth','0006_require_contenttypes_0002','2025-05-20 05:23:51.976863'),
(24,'auth','0007_alter_validators_add_error_messages','2025-05-20 05:23:51.993201'),
(25,'auth','0008_alter_user_username_max_length','2025-05-20 05:23:52.040960'),
(26,'auth','0009_alter_user_last_name_max_length','2025-05-20 05:23:52.091710'),
(27,'auth','0010_alter_group_name_max_length','2025-05-20 05:23:52.157141'),
(28,'auth','0011_update_proxy_permissions','2025-05-20 05:23:52.178485'),
(29,'auth','0012_alter_user_first_name_max_length','2025-05-20 05:23:52.223828'),
(30,'sessions','0001_initial','2025-05-20 05:23:52.315737'),
(31,'Preguntas','0013_userprofile_role','2025-05-24 16:57:06.583257'),
(32,'Preguntas','0014_examen_examenpregunta','2025-05-26 16:32:22.794770'),
(33,'Preguntas','0015_pregunta_tiene_solucion','2025-05-26 16:32:22.934243');
/*!40000 ALTER TABLE `django_migrations` ENABLE KEYS */;
UNLOCK TABLES;

--
-- Table structure for table `django_session`
--

DROP TABLE IF EXISTS `django_session`;
/*!40101 SET @saved_cs_client     = @@character_set_client */;
/*!40101 SET character_set_client = utf8mb4 */;
CREATE TABLE `django_session` (
  `session_key` varchar(40) NOT NULL,
  `session_data` longtext NOT NULL,
  `expire_date` datetime(6) NOT NULL,
  PRIMARY KEY (`session_key`),
  KEY `django_session_expire_date_a5c62663` (`expire_date`)
) ENGINE=InnoDB DEFAULT CHARSET=utf8mb4 COLLATE=utf8mb4_general_ci;
/*!40101 SET character_set_client = @saved_cs_client */;

--
-- Dumping data for table `django_session`
--

LOCK TABLES `django_session` WRITE;
/*!40000 ALTER TABLE `django_session` DISABLE KEYS */;
INSERT INTO `django_session` VALUES
('0v2jppojvpgayizgn2xi1jl3ke67nq4m','.eJxVjDsOwjAQBe_iGllLjD9Q0ucM1np3jQPIluKkQtwdIqWA9s3Me6mI61Li2mWOE6uLsurwuyWkh9QN8B3rrWlqdZmnpDdF77TrsbE8r7v7d1Cwl28dUubE3oiBkJNnsuydiMUQLBFlAusM2jOdhkBpyCAC6OAoIIYAg3p_AB62OR4:1v1pt0:mBYVR1UxHba6Hvh68HCogJp5pg0vwJsmIYN4mJ1SYrc','2025-10-09 17:36:06.089677'),
('1055yrqc9s7xs03x3nps7ojiavpurosf','.eJxVjEsOwjAMBe-SNYpsJ7QpS_acobJrlxZQIvWzQtydVuoCtjPz3tu1vC5Du842taO6i0N3-mXC3dPyLvTB-V58V_IyjeL3xB929rei9roe7d_BwPOwrQUSwRmIQpVMLDQNVwYBLfZQB2JVgA1FQgHFxCjKPVlCijXUktznC78sNxs:1uIcZX:IP6lGJKpC97ljcjuJLLj8mpwyFGJB93NorOKs-nQgE8','2025-06-07 00:17:07.919008'),
('1djcnck9agff0y69y63m08vm7cdtd793','.eJxVjEsOwjAMBe-SNYpsJ7QpS_acobJrlxZQIvWzQtydVuoCtjPz3tu1vC5Du842taO6i0N3-mXC3dPyLvTB-V58V_IyjeL3xB929rei9roe7d_BwPOwrQUSwRmIQpVMLDQNVwYBLfZQB2JVgA1FQgHFxCjKPVlCijXUktznC78sNxs:1uIzgc:gHL89Ms30bGmEPuSTTPxtibqBc52IoWzjGvhIH45b0s','2025-06-08 00:57:58.418877'),
('1gslju04aqounofypkvf1vfpet4kao7h','.eJxVjMEOgjAQRP-lZ9Lsbgu0Hr37BcaQLV0ENTQpcDL-uyXhoIe5vDczb9Xxto7dtkjupqhOClX1ywL3T5l3ER8835Pu07zmKei9og-76EuK8jof3b-DkZexrAM4ghqITOMkiPGeGwGDYgdoDXGMAAVZwgARHWOIPJA4JNtCG1w57TnnaU3qdEXvKvR1iS0xlSJ06vb5AqukP3w:1uSlLJ:_jWE1Hn2aEeAmdj4dWys3-dRXmyzhZ8yTudsWg7-Kwg','2025-07-04 23:40:21.970134'),
('1yrg1gg7g8m7eda8rz04x93ilneiprvj','.eJxVzD0OwjAMBeC7ZK4q20lal5GdEyBUOU2gBdRK_ZkQd6exGGD5huf3_DKtbGvfbkua2yGag0FT_GZBukca8yHeZbxNZTeN6zyEMlfK73UpT1NMz-O3-_egl6Xf1wGYwAORrTiFZJtGqgQWk7tCbUliBNgjRxggIguGKFdKjORqqAPvTzuZ52GdzOGMzAWyKwyhN1mnWpVUVCELzS5WTrUqqajmDnrteFZrtVK9qluvW0_m8v4Adc1RkA:1uXSLQ:DRqAIizIY6heOqgb7WVjGt0TfkV_MSs7FkVHd_NxIVM','2025-07-17 22:23:52.994148'),
('2dxk6lirdpphdofkd2yupm8tq1cj305n','.eJxVjEEOgjAQRe_StWmmU4TC0j0nMIbMMIOgpk0KrIx3FxIWun3v_f82Ha3L2K2z5m4S0xhnTr-MqX9q3IU8KN6T7VNc8sR2T-xhZ9sm0dflaP8ORprHbc0QEM6A6MugrL6uqVTwTosBKo8kArChAh2DuECOhQbU4LCooOKwnfaU87Qk01xvny-nMTtx:1uxDNe:VXJoLB8Gs3Okv4nvhnE_uY_ZvxIxePA_hGszs9XyqTY','2025-09-26 23:40:38.246597'),
('2gdoyq44pbq17jos22std27gv9l1q6po','.eJxVzM8OgjAMBvB32dmQttvY4OjdJzCGdGwIaiDhz8n47o6Gg15-ab6v7Vs1vK19sy1pboaoaoXq9JsFbp9p3Iv44PE-Fe00rvMQin2lONqluEwxvc7H7t-Dnpc-XwfwBBaIdOlTSLqquEygMZkOnCaOESBHhjBARM8YIneUPJJx4ILPT1ue52GdVH1VhC4HhFY0ohZJRBF2ocpiuc9oZbZedGIpWtGIWiQRRbk1lbp9vtsdT_k:1uSai1:yi-xkpQPhVeeeV2mtvsv6v4BFOQEdfO7fCxt1riKjio','2025-07-04 12:19:05.821158'),
('2mtkdg7rryevrv8u6evyyh842b6bw0ly','.eJxVjEsOwjAMBe-SNYpsJ7QpS_acobJrlxZQIvWzQtydVuoCtjPz3tu1vC5Du842taO6i0N3-mXC3dPyLvTB-V58V_IyjeL3xB929rei9roe7d_BwPOwrQUSwRmIQpVMLDQNVwYBLfZQB2JVgA1FQgHFxCjKPVlCijXUktznC78sNxs:1ujhMp:VzzpP77ndlpKXw0yxcScbhiQaOSH48hLBSPLdUqFmoM','2025-08-20 16:51:55.233994'),
('32seu03ht0k7mq6qn49q4ru3w0demo4s','.eJxVjEsOwjAMBe-SNYpsJ7QpS_acobJrlxZQIvWzQtydVuoCtjPz3tu1vC5Du842taO6i0N3-mXC3dPyLvTB-V58V_IyjeL3xB929rei9roe7d_BwPOwrQUSwRmIQpVMLDQNVwYBLfZQB2JVgA1FQgHFxCjKPVlCijXUktznC78sNxs:1uSPbj:2ZQgF7q1TrIv_Oy_zZ0wcApMB1_vNDgHKqGj-Pz1afk','2025-07-04 00:27:51.180134'),
('3af81tctvo3554cznfkros0ciahhenwl','.eJxVjEEOgjAQRe_StWmmU4TC0j0nMIbMMIOgpk0KrIx3FxIWun3v_f82Ha3L2K2z5m4S0xhnTr-MqX9q3IU8KN6T7VNc8sR2T-xhZ9sm0dflaP8ORprHbc0QEM6A6MugrL6uqVTwTosBKo8kArChAh2DuECOhQbU4LCooOKwnfaU87Qk01xvny-nMTtx:1uNEKe:xROMVeDd2HIrii4VtzU-6W0jIOJbOOx8T0P8HF6-wO0','2025-06-19 17:24:48.298408'),
('3r2pp1qiz9t3jqivrfyq8jrxk7h4185e','.eJxVjMEOgjAQRP-lZ9PstkALR-9-gTFkly6CmjYpcDL-uzThoJdJZt7MvFVP2zr12yK5n4PqFKrTb8Y0PCUWEB4U70kPKa55Zl0q-qCLvqQgr_PR_TuYaJn2NYM3UIMxtvHCYtuWGgGLUo3grKEQAPaoMsgQ0BNyoNGIR1M5cOz304FyntekuqvC4tEVaYrU6vb5AicXPqM:1uI8SX:jPOHq2g66OUpe1sPVGqRT0Nh_nA790N8sVn_ao-pVTo','2025-06-05 16:07:53.899850'),
('53zrzkkor9dff0ht9tc91ws2vmcryipx','.eJxVjEsOwjAMBe-SNYpsJ7QpS_acobJrlxZQIvWzQtydVuoCtjPz3tu1vC5Du842taO6i0N3-mXC3dPyLvTB-V58V_IyjeL3xB929rei9roe7d_BwPOwrQUSwRmIQpVMLDQNVwYBLfZQB2JVgA1FQgHFxCjKPVlCijXUktznC78sNxs:1uJHWI:5rJPomS2Vt2zEh0VhvdJkArOJRmHrBPXLvTsIYXRIf8','2025-06-08 20:00:30.308738'),
('5t4tq238rdjn72578z8qak5cfi0n5o39','.eJxVjEsOwjAMBe-SNYpsJ7QpS_acobJrlxZQIvWzQtydVuoCtjPz3tu1vC5Du842taO6i0N3-mXC3dPyLvTB-V58V_IyjeL3xB929rei9roe7d_BwPOwrQUSwRmIQpVMLDQNVwYBLfZQB2JVgA1FQgHFxCjKPVlCijXUktznC78sNxs:1uHn2f:FtKBCLk704_YfXBhzlYRsk0iqXXaJ6nrguVV8XXDPSI','2025-06-04 17:15:45.339803'),
('65j0hjywnlf5np40jy44qibt5dqd0h5w','.eJxVjEEOgjAQRe_StWmmU4TC0j0nMIbMMIOgpk0KrIx3FxIWun3v_f82Ha3L2K2z5m4S0xhnTr-MqX9q3IU8KN6T7VNc8sR2T-xhZ9sm0dflaP8ORprHbc0QEM6A6MugrL6uqVTwTosBKo8kArChAh2DuECOhQbU4LCooOKwnfaU87Qk01xvny-nMTtx:1uJhwg:qQ4k8rV0qFM1tUe3W9rF8n8T8STI2XPeMeXq3CIDiDI','2025-06-10 00:13:30.231654'),
('6kb1fd20t1b36kgg09jbmoz9vxn7myt9','.eJxVjEsOwjAMBe-SNYpsJ7QpS_acobJrlxZQIvWzQtydVuoCtjPz3tu1vC5Du842taO6i0N3-mXC3dPyLvTB-V58V_IyjeL3xB929rei9roe7d_BwPOwrQUSwRmIQpVMLDQNVwYBLfZQB2JVgA1FQgHFxCjKPVlCijXUktznC78sNxs:1vQX9s:VXoiMMsxknD8oTOcmOFU3bCc0dYV4-PEqdwLwS9m8r4','2025-12-16 20:39:36.668710'),
('6tmaw1fg1msh0gup6qy3eof1ag77odb8','.eJxVjEsOwjAMBe-SNYpsJ7QpS_acobJrlxZQIvWzQtydVuoCtjPz3tu1vC5Du842taO6i0N3-mXC3dPyLvTB-V58V_IyjeL3xB929rei9roe7d_BwPOwrQUSwRmIQpVMLDQNVwYBLfZQB2JVgA1FQgHFxCjKPVlCijXUktznC78sNxs:1uRWuQ:epHPT4bovu_6R7yftGwxzMm_ll4cxTPEkADBSzLuSGM','2025-07-01 14:03:30.876506'),
('7r01epclwzq2c01tgi4akpdmctyy80hx','.eJxVjEsOwjAMBe-SNYpsJ7QpS_acobJrlxZQIvWzQtydVuoCtjPz3tu1vC5Du842taO6i0N3-mXC3dPyLvTB-V58V_IyjeL3xB929rei9roe7d_BwPOwrQUSwRmIQpVMLDQNVwYBLfZQB2JVgA1FQgHFxCjKPVlCijXUktznC78sNxs:1ujhR7:6_Ugkgdvg7WEBPvefPtjCPORFGpsjBq-aQCaCMazsbI','2025-08-20 16:56:21.338201'),
('8693ud6t8piu1obotlt6ejcnh6icrcon','.eJxVjEsOgkAQBe_SazPp-QADS_eewBjSTTeCGiYZYGW8u5Cw0G1VvfeGltZlaNdZczsKNGDh9MuYuqdOu5AHTfdkujQteWSzJ-aws7kk0df5aP8OBpqHbc0YHRbonC-jsvq6plLRWw09Vt6RCOKGgrOMYiNZFuqdRutChRXH7bSjnMclQXOFIhRw-3wB0J08Uw:1v4oJc:N5kPUy9AgEgNoFAgEKOGHSNM0-aKRsBlfTVZsVJTZPU','2025-10-17 22:31:52.841810'),
('86kt2b69ortq0h66rujfd7o0r8rq4v71','.eJxVjEsOwjAMBe-SNYpsJ7QpS_acobJrlxZQIvWzQtydVuoCtjPz3tu1vC5Du842taO6i0N3-mXC3dPyLvTB-V58V_IyjeL3xB929rei9roe7d_BwPOwrQUSwRmIQpVMLDQNVwYBLfZQB2JVgA1FQgHFxCjKPVlCijXUktznC78sNxs:1uHNfR:5b7Jxr57oVtK5fj6HllQneOnMkDAojnIgJ1HsiAKyzQ','2025-06-03 14:10:05.032632'),
('8aq7kjqjb7y2asehrezypnrduyp98pfq','.eJxVjEsOwjAMBe-SNYpsJ7QpS_acobJrlxZQIvWzQtydVuoCtjPz3tu1vC5Du842taO6i0N3-mXC3dPyLvTB-V58V_IyjeL3xB929rei9roe7d_BwPOwrQUSwRmIQpVMLDQNVwYBLfZQB2JVgA1FQgHFxCjKPVlCijXUktznC78sNxs:1uNJHQ:eLTaCcYI0UOzzrCJrWrn0_GHP-t9U7xEeWF3UufgEaE','2025-06-19 22:41:48.974032'),
('8kgzyjma6f2f8swfvat3z1k8d8ib6gsg','.eJxVjEEOgjAQRe_StWmmU4TC0j0nMIbMMIOgpk0KrIx3FxIWun3v_f82Ha3L2K2z5m4S0xhnTr-MqX9q3IU8KN6T7VNc8sR2T-xhZ9sm0dflaP8ORprHbc0QEM6A6MugrL6uqVTwTosBKo8kArChAh2DuECOhQbU4LCooOKwnfaU87Qk01xvny-nMTtx:1uJbDQ:kHEL5fT_DZeaE2PlQtlxPuaK_ddyDUtTDTf9viX2aEU','2025-06-09 17:02:20.864721'),
('8l1uf3ipwsmy9x2hfxdi0ncrpj5magwl','.eJxVjEsOwjAMBe-SNYpsJ7QpS_acobJrlxZQIvWzQtydVuoCtjPz3tu1vC5Du842taO6i0N3-mXC3dPyLvTB-V58V_IyjeL3xB929rei9roe7d_BwPOwrQUSwRmIQpVMLDQNVwYBLfZQB2JVgA1FQgHFxCjKPVlCijXUktznC78sNxs:1vbhbM:DffWuYNgoJKtRPPTFAA5dOh_DvgHZ3jvwtnWwcT9iKk','2026-01-16 16:02:08.067800'),
('8uxmcr6sco7lrbc79mev9m1xbxcifkq5','.eJxVjjFuhEAMRe8yNUK2ZwCzZfo9QRQhDzMbSCKQgK1We_cMX1skhV_x7fflhxvsfkzDfc_bMCd3ceyqv1m08Tsv5yJ92fK51uO6HNsc6_Okfm33-rqm_PP2uv1XMNk-FTuSCjUk4lvNMfu-tzaT5xxu1HmxlIhKFIQjJVbjmOwmWVlCR13UUjrats3H6i7vwk0lHMr4ygmdLwtRIfc9qGAHtmADBtCDAjIIV-EqXIWrcBWuwlW4Ku7j-QvTalKY:1ucD4a:PqrmtHvyPcbp8HAbpeA_dghfcAglBECEOY2e-ExWsBA','2025-07-31 01:06:08.068183'),
('93p7jt0o2gcxn91oqtlm9lv2lg3bl0ej','.eJxVjEsOwjAMBe-SNYpsJ7QpS_acobJrlxZQIvWzQtydVuoCtjPz3tu1vC5Du842taO6i0N3-mXC3dPyLvTB-V58V_IyjeL3xB929rei9roe7d_BwPOwrQUSwRmIQpVMLDQNVwYBLfZQB2JVgA1FQgHFxCjKPVlCijXUktznC78sNxs:1vPNmE:DRjt3ACxt0uoX5JHX8-r8Ak0WIFjxzgfLXzwwaHT05I','2025-12-13 16:26:26.612899'),
('95fffi00nko9y9ebhre7ygornm83eyfq','.eJxVjEsOwjAMBe-SNYpsJ7QpS_acobJrlxZQIvWzQtydVuoCtjPz3tu1vC5Du842taO6i0N3-mXC3dPyLvTB-V58V_IyjeL3xB929rei9roe7d_BwPOwrQUSwRmIQpVMLDQNVwYBLfZQB2JVgA1FQgHFxCjKPVlCijXUktznC78sNxs:1uX1eP:1yrbjcV-wXbOFMcGbdo9tKWF1QyoM5mTRlsYCkGYmgw','2025-07-16 17:53:41.963128'),
('9iyoklxqgess35vwumg9fd4xoeqoxb0q','.eJxVjEsOwjAMBe-SNYpsJ7QpS_acobJrlxZQIvWzQtydVuoCtjPz3tu1vC5Du842taO6i0N3-mXC3dPyLvTB-V58V_IyjeL3xB929rei9roe7d_BwPOwrQUSwRmIQpVMLDQNVwYBLfZQB2JVgA1FQgHFxCjKPVlCijXUktznC78sNxs:1uIsBl:pQnwzlngOJrVkKmN27pFNrifXDBZSFjMUZO9sSnSF_o','2025-06-07 16:57:37.591531'),
('9wkgpoqks0lz1m64xz8d3ykov1rhoqog','.eJxVzDsOwjAQRdG9uEbReBziCSU9K0AoGseGBFAi5VMh9o7hUUB1pfmch2l0XbpmndPU9NHsjDWb31nQ9paG9yJedbiMRTsOy9SH4n1SfLdzcRhjuu-_t39Ap3OXvwMJ05aYXSUpJFfXWiVyNpVn8o41RqI8KtkGilbUhqhnTmK59OSDZLTVaeqX0eyOhn3t8ySnQrZIiTiEEYvQJ1IjgkARKAJFoAgUgSJQBIqH4sWcni-XUFS5:1vXhqO:NlJDVshy9l-5ep404PPabFHmX3PoiVabNTW7O9lobI0','2026-01-05 15:29:08.644232'),
('9xvbty4zj4lt1gm6irbqm16jagb9f2l5','.eJxVjEsOwjAMBe-SNYpsJ7QpS_acobJrlxZQIvWzQtydVuoCtjPz3tu1vC5Du842taO6i0N3-mXC3dPyLvTB-V58V_IyjeL3xB929rei9roe7d_BwPOwrQUSwRmIQpVMLDQNVwYBLfZQB2JVgA1FQgHFxCjKPVlCijXUktznC78sNxs:1uK9lk:fD-mBFtXGMEpJTc3uS4my2lT3uw4YbYUHGiyXNPxB7w','2025-06-11 05:56:04.530135'),
('a3yacq1sb1gd92ngwtcm6st3z003p1qy','.eJxVjDsOwjAQBe_iGllLjD9Q0ucM1np3jQPIluKkQtwdIqWA9s3Me6mI61Li2mWOE6uLsurwuyWkh9QN8B3rrWlqdZmnpDdF77TrsbE8r7v7d1Cwl28dUubE3oiBkJNnsuydiMUQLBFlAusM2jOdhkBpyCAC6OAoIIYAg3p_AB62OR4:1ujRJS:a9a9Qt6F4nN8jEGh7_JrA8gFdOwUgKIqmi-QpxIJjxA','2025-08-19 23:43:22.109171'),
('arif3qm8rndjnp8r28xokb5bo8d7iff3','.eJxVjEsOwjAMBe-SNYpsJ7QpS_acobJrlxZQIvWzQtydVuoCtjPz3tu1vC5Du842taO6i0N3-mXC3dPyLvTB-V58V_IyjeL3xB929rei9roe7d_BwPOwrQUSwRmIQpVMLDQNVwYBLfZQB2JVgA1FQgHFxCjKPVlCijXUktznC78sNxs:1vJYUZ:RWp_fLsIV7F0HRIa_qXj7gMZ4ufAfL8fRggCgAfRrCg','2025-11-27 14:40:07.326201'),
('d82q8c9oeht8xzwa6lz680rzwqbj9zx3','.eJxVjMEOgjAQRP-lZ9PsbisUj979AmPIll0ENTQpcDL-u0A46GUOb97M29Q8T109j5rrXszJoDn8ssjNU4e1kAcP92SbNEy5j3ZV7N6O9pJEX-fd_TvoeOyWdYRAcAQiVwSN6qqKCwWH6lsoHbEIwII8YQTBwBiFW9KA5EsoY1hOG865n5I5XQ3hCgj9lm5LMrfPFyJ6P2I:1ujhxR:nR9pL_YTnowImHSF3kdD7Y2__R9NgVcc-S6wOFjFxaU','2025-08-20 17:29:45.977162'),
('fc1bog2fon7qhywu89hq5wzuyfj9usg2','.eJxVjEsOwjAMBe-SNYpsJ7QpS_acobJrlxZQIvWzQtydVuoCtjPz3tu1vC5Du842taO6i0N3-mXC3dPyLvTB-V58V_IyjeL3xB929rei9roe7d_BwPOwrQUSwRmIQpVMLDQNVwYBLfZQB2JVgA1FQgHFxCjKPVlCijXUktznC78sNxs:1vXhkz:xb0Q4vChzTkRh7QWZeQF1y8qARPUaIKz7PqlLJO5K-k','2026-01-05 15:23:33.900845'),
('fyym455ful6gcghckssmmz6s8sfq1ihx','.eJxVjEEOgjAQRe_StWmmU4TC0j0nMIbMMIOgpk0KrIx3FxIWun3v_f82Ha3L2K2z5m4S0xhnTr-MqX9q3IU8KN6T7VNc8sR2T-xhZ9sm0dflaP8ORprHbc0QEM6A6MugrL6uqVTwTosBKo8kArChAh2DuECOhQbU4LCooOKwnfaU87Qk01xvny-nMTtx:1uX7qF:ZHRJ5WoVZEZfCq2U6k1o_S980xS6cSq9myJVhAiyrhA','2025-07-17 00:30:19.045801'),
('g8hscuc5sbs48sqnfwz1kmxk7rtn43fd','.eJxVjEEOwiAQRe_C2hDoMC24dN8zkIEBqRqalHZlvLtt0oVu33v_v4WnbS1-a2nxE4urMOLyywLFZ6qH4AfV-yzjXNdlCvJI5GmbHGdOr9vZ_h0UamVfE0PKRsWsVe5YIXQM2GvUZHc6IGQwNvTBZecM6AHJIQYDygbHOrH4fAHVsDdB:1uJKDc:AqwQxtbPwNQioVLchU6VRQNUBebqG6_5pfpoQyQYAF4','2025-06-08 22:53:24.624698'),
('gdys2lb8umf85ta67rd8bc8rg8pgtw4k','.eJxVzDsOwjAQRdG9uEbReBziCSU9K0AoGseGBFAi5VMh9o7hUUB1pfmch2l0XbpmndPU9NHsjDWb31nQ9paG9yJedbiMRTsOy9SH4n1SfLdzcRhjuu-_t39Ap3OXvwMJ05aYXSUpJFfXWiVyNpVn8o41RqI8KtkGilbUhqhnTmK59OSDZLTVaeqX0eyOhn3t8ySnQrZIiTiEEYvQJ1IjgkARKAJFoAgUgSJQBIqH4sWcni-XUFS5:1vCR48:figESxBfQJbxyQAHJhOEv6fIww-U5wqq4rdMla0aJrM','2025-11-07 23:19:24.197364'),
('gzmm4y6xwi0lxi3gzjjb5vkmn0gldk8o','.eJxVjEsOwjAMBe-SNYpsJ7QpS_acobJrlxZQIvWzQtydVuoCtjPz3tu1vC5Du842taO6i0N3-mXC3dPyLvTB-V58V_IyjeL3xB929rei9roe7d_BwPOwrQUSwRmIQpVMLDQNVwYBLfZQB2JVgA1FQgHFxCjKPVlCijXUktznC78sNxs:1uIzga:8kqrW7IUB-_sBHiwoLttjwRbNokqP5PgEIqY8Y7KMQ8','2025-06-08 00:57:56.941804'),
('h6e2nz258a3dk6cr2089pva809v0cpke','.eJxVjEsOwjAMBe-SNYpsJ7QpS_acobJrlxZQIvWzQtydVuoCtjPz3tu1vC5Du842taO6i0N3-mXC3dPyLvTB-V58V_IyjeL3xB929rei9roe7d_BwPOwrQUSwRmIQpVMLDQNVwYBLfZQB2JVgA1FQgHFxCjKPVlCijXUktznC78sNxs:1uIZ6u:H329KJmFASBdB-X94avAYzuCua1TpHy8b9Plp9bfYRo','2025-06-06 20:35:20.200466'),
('hg8imml71wzeoa3atziwlh2joalnjyfl','.eJxVjDkOwjAUBe_iGlmJv1dKes4Q_cXGAeRIWSrE3SFSCmjfzLyXGnBb67AteR5GUWcF6vS7EfIjtx3IHdtt0jy1dR5J74o-6KKvk-Tn5XD_Diou9Vt3jgx49OJJeqbIzoJ1hYgBOspiU2ewL4FDtCFwTCg9QCyuSMo-GPX-AOyYOAg:1uHf7O:3QQJjzPcQWcyYPWRjKcUbEZ5wCnlVmQPyhszJAm_wiA','2025-06-04 08:48:06.879317'),
('hsfw1f8vulqqrqiryd2i71f63447vdjs','.eJxVjEsOwjAMBe-SNYpsJ7QpS_acobJrlxZQIvWzQtydVuoCtjPz3tu1vC5Du842taO6i0N3-mXC3dPyLvTB-V58V_IyjeL3xB929rei9roe7d_BwPOwrQUSwRmIQpVMLDQNVwYBLfZQB2JVgA1FQgHFxCjKPVlCijXUktznC78sNxs:1vDPbB:GzJ5e8eaEYKBH6Pg2SgzA4Tjr7TlWEYg72jFgWXrj5E','2025-11-10 15:57:33.647883'),
('i8yoaefev9y3guv07eytw2166d95nfbk','.eJxVjEsOwjAMBe-SNYpsJ7QpS_acobJrlxZQIvWzQtydVuoCtjPz3tu1vC5Du842taO6i0N3-mXC3dPyLvTB-V58V_IyjeL3xB929rei9roe7d_BwPOwrQUSwRmIQpVMLDQNVwYBLfZQB2JVgA1FQgHFxCjKPVlCijXUktznC78sNxs:1uKILq:b8OnSgQi_gYZwkS1mvd5Te2opA3EOFTyTpKcfyZmgDY','2025-06-11 15:05:54.221553'),
('iu1de27t66l7691iyi9jlby3q8liat6o','.eJxVjEsOwjAMBe-SNYpsJ7QpS_acobJrlxZQIvWzQtydVuoCtjPz3tu1vC5Du842taO6i0N3-mXC3dPyLvTB-V58V_IyjeL3xB929rei9roe7d_BwPOwrQUSwRmIQpVMLDQNVwYBLfZQB2JVgA1FQgHFxCjKPVlCijXUktznC78sNxs:1uxlEG:6OCv9MIpr8sR-iFt8WiXDN5H1H7dP20EeuZ62IigGIg','2025-09-28 11:49:12.466237'),
('jdek3nah01s0ii71pa90z91ivzubkhkr','.eJxVjDkOwjAUBe_iGlmJv1dKes4Q_cXGAeRIWSrE3SFSCmjfzLyXGnBb67AteR5GUWcF6vS7EfIjtx3IHdtt0jy1dR5J74o-6KKvk-Tn5XD_Diou9Vt3jgx49OJJeqbIzoJ1hYgBOspiU2ewL4FDtCFwTCg9QCyuSMo-GPX-AOyYOAg:1uHf8r:2A7oaEHmW4PB9O2uV9UMDkNxQ8bMsKVy1gWGhG7qyy0','2025-06-04 08:49:37.346609'),
('k17y4f2ebol27xelfffsco8gv312ja3o','.eJxVjDkOwjAUBe_iGlmJv1dKes4Q_cXGAeRIWSrE3SFSCmjfzLyXGnBb67AteR5GUWcF6vS7EfIjtx3IHdtt0jy1dR5J74o-6KKvk-Tn5XD_Diou9Vt3jgx49OJJeqbIzoJ1hYgBOspiU2ewL4FDtCFwTCg9QCyuSMo-GPX-AOyYOAg:1uHf8C:za3dXPKef4rXZWyoytzjpgojANWjkIhAsNsVUJ-cYcc','2025-06-04 08:48:56.094054'),
('llj5ecs4mya8m0c9cg3d1il7lgja141t','.eJxVjMEOgjAQRP-lZ9Nst0iLR-9-gTFkl10ENTQpcDL-uyXhoMd582bepqV1Gdp11tyOYk7GmcMvY-qeOm2FPGi6J9ulackj202xezvbSxJ9nXf372CgeShrhohwBERfR2X1TUO1gnda9RA8kghAQRU6BnGRHAv1qNFhFSBwLKcd5TwuyZyuBpuScYMYzO3zBfJEPdM:1uJEOb:6ea3JL5b7cA3cHlXz573t-ClmYyh3AqB1XMZw_gsocs','2025-06-08 16:40:21.687251'),
('or30lyzrjdmcue10ht59becely8opscq','.eJxVjDkOwjAUBe_iGlmJv1dKes4Q_cXGAeRIWSrE3SFSCmjfzLyXGnBb67AteR5GUWcF6vS7EfIjtx3IHdtt0jy1dR5J74o-6KKvk-Tn5XD_Diou9Vt3jgx49OJJeqbIzoJ1hYgBOspiU2ewL4FDtCFwTCg9QCyuSMo-GPX-AOyYOAg:1uHf7m:OL0eg4BQDHlMuxafNa6Y7Nik9QV0hnknX4X6TIg5OQM','2025-06-04 08:48:30.091286'),
('or9veeenw1rusftilylu4hrgawau63y8','.eJxVjEsOwjAMBe-SNYpsJ7QpS_acobJrlxZQIvWzQtydVuoCtjPz3tu1vC5Du842taO6i0N3-mXC3dPyLvTB-V58V_IyjeL3xB929rei9roe7d_BwPOwrQUSwRmIQpVMLDQNVwYBLfZQB2JVgA1FQgHFxCjKPVlCijXUktznC78sNxs:1uIgcR:jrWED4eJR0Y3Xfk3x99iz769bUI58GQk3Nx45RxAAgA','2025-06-07 04:36:23.919614'),
('p9k9vqnej86oq9qm1j1t06ur0zbs18f3','e30:1uIsAx:f15z8iETfLaggYUg71gbawS7Lur2zp6I_r6pUuvTg6Q','2025-06-07 16:56:47.251257'),
('pl31hkxmmzyjvdsoexoa08k05g22zf3d','.eJxVjEsOwjAMBe-SNYpsJ7QpS_acobJrlxZQIvWzQtydVuoCtjPz3tu1vC5Du842taO6i0N3-mXC3dPyLvTB-V58V_IyjeL3xB929rei9roe7d_BwPOwrQUSwRmIQpVMLDQNVwYBLfZQB2JVgA1FQgHFxCjKPVlCijXUktznC78sNxs:1uJ0pS:aWUeEaGWuYiv8K1EW0_xiv-TsEe4AI74zdzd27n8EmI','2025-06-08 02:11:10.245692'),
('qksws04eozhcgv76soa0qy0gatrifcwo','.eJxVjEsOwjAMBe-SNYpsJ7QpS_acobJrlxZQIvWzQtydVuoCtjPz3tu1vC5Du842taO6i0N3-mXC3dPyLvTB-V58V_IyjeL3xB929rei9roe7d_BwPOwrQUSwRmIQpVMLDQNVwYBLfZQB2JVgA1FQgHFxCjKPVlCijXUktznC78sNxs:1uIE90:rhKZidUHT_K9oTHUrmnHY9ckzvLsZ1BdILSm34YkPV0','2025-06-05 22:12:06.221151'),
('rl6qd1w7sp3dnmqxhgju4lx44ccf9wiv','.eJxVjEEOwiAUBe_C2hCgBYpL956BPPggVQNJaVfGu2uTLnT7Zua9mMe2Fr_1tPiZ2JkZdvrdAuIj1R3QHfXWeGx1XebAd4UftPNro_S8HO7fQUEv31qYAUikSQeFIUO5KOQoQw6klJWAmZxLcqIxZjiywQppEJPWUDQYwd4fAcU4eg:1uVzu7:D7MzTXTKBgNHG0lXHeffewppZXqM5aqEk7PHjihgqnE','2025-07-13 21:49:39.902445'),
('rn5q3vdfax92i75y78yowbb0ctayqgak','.eJxVjEsOwjAMBe-SNYpsJ7QpS_acobJrlxZQIvWzQtydVuoCtjPz3tu1vC5Du842taO6i0N3-mXC3dPyLvTB-V58V_IyjeL3xB929rei9roe7d_BwPOwrQUSwRmIQpVMLDQNVwYBLfZQB2JVgA1FQgHFxCjKPVlCijXUktznC78sNxs:1uwirK:4Nz_YAn05TR0BnedLTC1YfDjXj2eyYhce8BsTlEzHbk','2025-09-25 15:05:14.752115'),
('s6dp8j0aqlee70w4soibjtk7yca6s1lf','.eJxVjEsOwjAMBe-SNYpsJ7QpS_acobJrlxZQIvWzQtydVuoCtjPz3tu1vC5Du842taO6i0N3-mXC3dPyLvTB-V58V_IyjeL3xB929rei9roe7d_BwPOwrQUSwRmIQpVMLDQNVwYBLfZQB2JVgA1FQgHFxCjKPVlCijXUktznC78sNxs:1uQbsH:KTALpe33u3lU5FnIUsviFaj3aczZttLJuryROEcW2io','2025-06-29 01:09:29.801727'),
('shlp9teaaihcmfjp22k7k422n059lm08','.eJxVjEsOwjAMBe-SNYpsJ7QpS_acobJrlxZQIvWzQtydVuoCtjPz3tu1vC5Du842taO6i0N3-mXC3dPyLvTB-V58V_IyjeL3xB929rei9roe7d_BwPOwrQUSwRmIQpVMLDQNVwYBLfZQB2JVgA1FQgHFxCjKPVlCijXUktznC78sNxs:1ujhjU:btDbux_ZAie1O0eV5iqX1f3COVUiUaQKGZaig4W8cnc','2025-08-20 17:15:20.909564'),
('sr6zeh0g1bx7w4viqp6l6dm4zjpekg5d','.eJxVjEsOwjAMBe-SNYpsJ7QpS_acobJrlxZQIvWzQtydVuoCtjPz3tu1vC5Du842taO6i0N3-mXC3dPyLvTB-V58V_IyjeL3xB929rei9roe7d_BwPOwrQUSwRmIQpVMLDQNVwYBLfZQB2JVgA1FQgHFxCjKPVlCijXUktznC78sNxs:1uZaZ8:BxDSAaoPc2A1IOEGkT_z9V3O3NdYT0Unqfj09OqweiI','2025-07-23 19:34:50.157889'),
('t6db1apk1ubfkxjc0vgk1g4awjyk5s9p','.eJxVzsFOwzAMgOF36RlVsZ2kyY7ceQKEpnTt2ACtUredEO9O_WsHuPwHx5-V727f7rfT_n6d1_156naddE9_Z2M7fM4Xf5g-2uV96Q_L5baex95X-sfrtX9Zpvnr-bH778CpXU-bHkPRkIKq5TKPs9Xa8hxM5ngMg2mbphC2UVQZwySlyTi1o85FNA5hGMt29NDW9Xxbut1rV_yXRT3miZ7kyZ7B46TULTV4XFQX1UV1UV1UF9VFdVFdSAhUqFKjkSaa6UALxQpWsIIVrGAFK1jBClawilWsYhWrWMUqVrGKVaxhDWtYwxrWsIY1rGENG7ERG7ERG7ERG7ERG7ERm7AJm7AJm7AJm7AJm7AJm7EZm7EZm7EZlVEZlVEDapDu7ecXUn-VCQ:1uLBjw:85NuFXGQiwsVCBQaoLtS9fMhOn3UIen7GA2pyr3Klk8','2025-06-14 02:14:28.708900'),
('tq5vujrwnde1xi5wgdtxqpg4cm1ls04o','.eJxVjEsOwjAMBe-SNYpsJ7QpS_acobJrlxZQIvWzQtydVuoCtjPz3tu1vC5Du842taO6i0N3-mXC3dPyLvTB-V58V_IyjeL3xB929rei9roe7d_BwPOwrQUSwRmIQpVMLDQNVwYBLfZQB2JVgA1FQgHFxCjKPVlCijXUktznC78sNxs:1uW6Wg:rBY9feoBbIEbb_YpEFQImq26ybMxF2Wd1KHEPTfs_mE','2025-07-14 04:53:54.130575'),
('vquylkv3rjhdyvtk8aeehuzfyx9rcxuv','.eJxVjEsOwjAMBe-SNYpsJ7QpS_acobJrlxZQIvWzQtydVuoCtjPz3tu1vC5Du842taO6i0N3-mXC3dPyLvTB-V58V_IyjeL3xB929rei9roe7d_BwPOwrQUSwRmIQpVMLDQNVwYBLfZQB2JVgA1FQgHFxCjKPVlCijXUktznC78sNxs:1uwirM:MYZm5mSRBeZcjpW3JUQyAUZQg23fvXHwj7SqiZCZibQ','2025-09-25 15:05:16.538814'),
('vrfmi4m2gq64he8i6jsixp0ppt5s7c60','.eJxVjEsOwjAMBe-SNYpsJ7QpS_acobJrlxZQIvWzQtydVuoCtjPz3tu1vC5Du842taO6i0N3-mXC3dPyLvTB-V58V_IyjeL3xB929rei9roe7d_BwPOwrQUSwRmIQpVMLDQNVwYBLfZQB2JVgA1FQgHFxCjKPVlCijXUktznC78sNxs:1uJxOL:bYFpTdWAMo2D09kDgdmvDxZg53XI4T-fC1cy3te2nHU','2025-06-10 16:43:05.104613'),
('wvlx3mlth7td5gcv259qbqi3k8hkr575','.eJxVjEsOwjAMBe-SNYpsJ7QpS_acobJrlxZQIvWzQtydVuoCtjPz3tu1vC5Du842taO6i0N3-mXC3dPyLvTB-V58V_IyjeL3xB929rei9roe7d_BwPOwrQUSwRmIQpVMLDQNVwYBLfZQB2JVgA1FQgHFxCjKPVlCijXUktznC78sNxs:1uL94M:EMko659YVk720BJ1msnqHdzkyPJf8S9-blVnTBZDqB8','2025-06-13 23:23:22.201649'),
('xnbafal0s0r94m0bb6r2os77mcp0crz1','.eJxVjEsOwjAMBe-SNYpsJ7QpS_acobJrlxZQIvWzQtydVuoCtjPz3tu1vC5Du842taO6i0N3-mXC3dPyLvTB-V58V_IyjeL3xB929rei9roe7d_BwPOwrQUSwRmIQpVMLDQNVwYBLfZQB2JVgA1FQgHFxCjKPVlCijXUktznC78sNxs:1v5t5S:E5wkee65mXlsqzLPS0V7coLPLg8QL6NEyW3Lg1Htiuw','2025-10-20 21:49:42.163998'),
('xpmvy0807dsvlg1ogvpftl7ch80e0hcf','.eJxVjEsOwjAMBe-SNYpsJ7QpS_acobJrlxZQIvWzQtydVuoCtjPz3tu1vC5Du842taO6i0N3-mXC3dPyLvTB-V58V_IyjeL3xB929rei9roe7d_BwPOwrQUSwRmIQpVMLDQNVwYBLfZQB2JVgA1FQgHFxCjKPVlCijXUktznC78sNxs:1uSZtw:2-mefl4boqBke5fSeI2Cd1sXKo6RJvmZ_ZUTQP0yMPI','2025-07-04 11:27:20.331033'),
('xtldejai1ujmfrxyf6caec9xrkk1ve36','.eJxVjEsOwjAMBe-SNYpsJ7QpS_acobJrlxZQIvWzQtydVuoCtjPz3tu1vC5Du842taO6i0N3-mXC3dPyLvTB-V58V_IyjeL3xB929rei9roe7d_BwPOwrQUSwRmIQpVMLDQNVwYBLfZQB2JVgA1FQgHFxCjKPVlCijXUktznC78sNxs:1uQbsS:33zYVYqcGr9Nn7wtob4WvRuK57mlj3LpANZvSaLjLtk','2025-06-29 01:09:40.709193'),
('y46h115u7rf93bpeki19qgmo0q46efyj','.eJxVjEEOgjAQRe_StWmmU4TC0j0nMIbMMIOgpk0KrIx3FxIWun3v_f82Ha3L2K2z5m4S0xhnTr-MqX9q3IU8KN6T7VNc8sR2T-xhZ9sm0dflaP8ORprHbc0QEM6A6MugrL6uqVTwTosBKo8kArChAh2DuECOhQbU4LCooOKwnfaU87Qk01xvny-nMTtx:1uNMAN:CmQsPO8L78C6GlztlpC4qi5B2zufu_J1-qDczXOGoUo','2025-06-20 01:46:43.881945'),
('ygz905gbtxtwul6uhiml4ka7kwdjggzt','.eJxVjEsOwjAMBe-SNYpsJ7QpS_acobJrlxZQIvWzQtydVuoCtjPz3tu1vC5Du842taO6i0N3-mXC3dPyLvTB-V58V_IyjeL3xB929rei9roe7d_BwPOwrQUSwRmIQpVMLDQNVwYBLfZQB2JVgA1FQgHFxCjKPVlCijXUktznC78sNxs:1uHW0z:y6hhdQfJ5b45rAI7wL4FbuGZl-r_IaQeE6jkcpyej3c','2025-06-03 23:04:53.806338'),
('z0vr5t213ezdemc9igx1gjv77ftmgetd','.eJxVjEsOwjAMBe-SNYpsJ7QpS_acobJrlxZQIvWzQtydVuoCtjPz3tu1vC5Du842taO6i0N3-mXC3dPyLvTB-V58V_IyjeL3xB929rei9roe7d_BwPOwrQUSwRmIQpVMLDQNVwYBLfZQB2JVgA1FQgHFxCjKPVlCijXUktznC78sNxs:1uM8vJ:xv3cAWau4h5xMFVXTPe1ZTWKo93V-uUSeF0VkPRGsjc','2025-06-16 17:26:09.711718'),
('zmvzlwzddalf7r5g7b11u6l379no8xis','.eJxVjMEOwiAQRP-FMyG7C23Bo3e_wJhmKdRWTUloezL-u5D0oJd3mHkzb9Hzvk39vsbcz0GcBAr5m3kennGpRXjwck9qSMuWZ6-qoo52VZcU4ut8uH8HE69TWXuwBA0Q6dZGH7Vz3EbQGM0InSYOAaBEhtBDQMvoA48ULZLpoPO2nA6c87wlcboSWkngJCFIQUii0lQCFKJrxO3zBSnpQa8:1uo9Np:-XeLLdia4htGjCNmX6m5OlXEwCuA8jyJEYN3Ia9PSRc','2025-09-01 23:35:21.296677'),
('zngibgsz8rgay8x5qoithsc8eqxj0fh5','.eJxVjDsOwyAQBe9CHSEQywIp0-cMaPkFJxFIxq6s3D225CJp38y8jXlal-rXkWc_JXZlhl1-t0DxldsB0pPao_PY2zJPgR8KP-ng957y-3a6fweVRt3rGEuyBlG5Qg4DChkVWMKQAawBlREKCYFJF6eikIC7qK0pUmnCFNjnC-Y_N7w:1ujhwv:ivDGK4gMqtC5M0oiq89r1kTJB6tXbQPDGGHToLvXLFg','2025-08-20 17:29:13.767091'),
('zzx617220le2f385z76w6z08w9anaepr','.eJxVjEsOwjAMBe-SNYpsJ7QpS_acobJrlxZQIvWzQtydVuoCtjPz3tu1vC5Du842taO6i0N3-mXC3dPyLvTB-V58V_IyjeL3xB929rei9roe7d_BwPOwrQUSwRmIQpVMLDQNVwYBLfZQB2JVgA1FQgHFxCjKPVlCijXUktznC78sNxs:1urfD9:2KIB3CMXod1Pysi8lUMlq_JsntIXj4k6TeRGP3i1Ae4','2025-09-11 16:10:51.237604');
/*!40000 ALTER TABLE `django_session` ENABLE KEYS */;
UNLOCK TABLES;
/*!40103 SET TIME_ZONE=@OLD_TIME_ZONE */;

/*!40101 SET SQL_MODE=@OLD_SQL_MODE */;
/*!40014 SET FOREIGN_KEY_CHECKS=@OLD_FOREIGN_KEY_CHECKS */;
/*!40014 SET UNIQUE_CHECKS=@OLD_UNIQUE_CHECKS */;
/*!40101 SET CHARACTER_SET_CLIENT=@OLD_CHARACTER_SET_CLIENT */;
/*!40101 SET CHARACTER_SET_RESULTS=@OLD_CHARACTER_SET_RESULTS */;
/*!40101 SET COLLATION_CONNECTION=@OLD_COLLATION_CONNECTION */;
/*!40111 SET SQL_NOTES=@OLD_SQL_NOTES */;

-- Dump completed on 2026-01-02 16:45:45
